Participant Code,Year Level,Class Activity,Session,Spoken Word,Self-Reported Feeling,Valence (1-5),Arousal (1-5),Audio Filename,Notes
Y1-201,1st Year,Lecture,AM,Lingaw,Nalipay,5 — Very Pleasant,3 — Moderate,Y1-201_Y1_AM_Lingaw.wav,
Y1-202,1st Year,Lecture,AM,Nadasig,Nalipay,4 — Pleasant,4 — High,Y1-202_Y1_AM_Nadasig.wav,
Y1-203,1st Year,Laboratory,AM,Kapoy,"Ambot, katulgon ko",2 — Unpleasant,2 — Low,Y1-203_Y1_AM_Kapoy_nga_dili.wav,
Y1-204,1st Year,Laboratory,AM,Kapoy,Kapoy,3 — Neutral,2 — Low,Y1-204_Y1_AM_Kapoy.wav,
Y1-205,1st Year,Quiz,AM,Kapoy,Kapoy,3 — Neutral,3 — Moderate,Y1-205_Y1_AM_Kapoy.wav,
Y1-206,1st Year,Quiz,AM,Malas,Kapoy,2 — Unpleasant,2 — Low,Y1-206_Y1_AM_Malas.wav,
Y1-207,1st Year,Quiz,AM,Kapoy,Grabe kapoy,3 — Neutral,3 — Moderate,Y1-207_Y1_AM_Kapoy.wav,
Y1-208,1st Year,Quiz,AM,Kapoya,Overwhelmed,3 — Neutral,4 — High,Y1-208_Y1_AM_Kapoya.wav,
Y1-209,1st Year,Laboratory,AM,Lingaw,Lingaw nga dala kapoy,4 — Pleasant,4 — High,Y1-209_Y1_AM_Lingaw_nga_kapoy.wav,
Y1-210,1st Year,Quiz,AM,Kapoy,Kapoy,3 — Neutral,3 — Moderate,Y1-210_Y1_AM_Kapoy.wav,
Y1-211,1st Year,Lecture,AM,Kapoy,Kapoy,4 — Pleasant,3 — Moderate,Y1-211_Y1_AM_Kapoy.wav,
Y1-212,1st Year,Laboratory,AM,Kapoy,Kapoy,4 — Pleasant,3 — Moderate,Y1-212_Y1_AM_Kapoy.wav,
Y1-213,1st Year,Lecture,AM,Kapoy,Kapoy,3 — Neutral,3 — Moderate,Y1-213_Y1_AM_Kapoy.wav,
Y1-214,1st Year,Lecture,AM,Katulgon,Katulgon,2 — Unpleasant,2 — Low,Y1-214_Y1_AM_Katulgon.wav,
Y1-215,1st Year,Lecture,AM,Kapoy,Kapoy,2 — Unpleasant,2 — Low,Y1-215_Y1_AM_Kapoy.wav,
Y1-216,1st Year,Lecture,AM,Alimoot,Alimoot,2 — Unpleasant,1 — Very Low,Y1-216_Y1_AM_Alimoot.wav,
Y1-217,1st Year,Lecture,AM,Kapoy,Kapoy,4 — Pleasant,3 — Moderate,Y1-217_Y1_AM_Kapoya_oy.wav,
Y1-218,1st Year,Lecture,AM,Chill,Chill lang,4 — Pleasant,4 — High,Y1-218_Y1_AM_Chill_lang.wav,
Y1-219,1st Year,Laboratory,AM,Bugnaw,Bugnaw siya,4 — Pleasant,3 — Moderate,Y1-219_Y1_AM_Bugnaw.wav,
Y1-220,1st Year,Lecture,AM,Nalipay,Daghan natun-an,4 — Pleasant,4 — High,Y1-220_Y1_AM_Daghan_natun-an.wav,
Y1-221,1st Year,Laboratory,AM,Kapoy,Kapoy,3 — Neutral,2 — Low,Y1-221_Y1_AM_Kapoy.wav,
Y1-222,1st Year,Laboratory,AM,Kapoy,Kapoy,4 — Pleasant,4 — High,Y1-222_Y1_AM_Kapoy.wav,
Y1-223,1st Year,Lecture,AM,Kapoy,Kapoy pero excited,4 — Pleasant,4 — High,Y1-223_Y1_AM_Kapoy.wav,
Y1-224,1st Year,Laboratory,AM,Impyerno,Kapoy,2 — Unpleasant,2 — Low,Y1-224_Y1_AM_Impyerno_bay.wav,
Y1-225,1st Year,Laboratory,AM,Kulbaan,Kulbaan,3 — Neutral,2 — Low,Y1-225_Y1_AM_Kulbaan.wav,
Y1-226,1st Year,Laboratory,AM,Kapoy,Kapoy gyud siya,4 — Pleasant,3 — Moderate,Y1-226_Y1_AM_Kapoy_gyud_siya.wav,
Y1-227,1st Year,Lecture,AM,Kapoy,Kakapoy,3 — Neutral,4 — High,Y1-227_Y1_AM_Kakapoy.wav,
Y1-228,1st Year,Laboratory,AM,Kapoy,Katulgon,2 — Unpleasant,2 — Low,Y1-228_Y1_AM_Gikapoy.wav,
Y1-229,1st Year,Lecture,AM,Lingaw,Nalipay,4 — Pleasant,4 — High,Y1-229_Y1_AM_Lingaw.wav,
Y1-230,1st Year,Lecture,AM,Kapoy,Kapoy,3 — Neutral,4 — High,Y1-230_Y1_AM_Kapoy.wav,
Y1-231,1st Year,Laboratory,AM,Hago,Hago,3 — Neutral,3 — Moderate,Y1-231_Y1_AM_Hago.wav,
Y1-232,1st Year,Laboratory,AM,Gutom,Gutom,2 — Unpleasant,2 — Low,Y1-232_Y1_AM_Gutom.wav,
Y1-233,1st Year,Laboratory,AM,Kahilakon,Kahilakon,2 — Unpleasant,1 — Very Low,Y1-233_Y1_AM_Kahilakon.wav,
Y1-234,1st Year,Quiz,AM,Gubot,Gubot,2 — Unpleasant,1 — Very Low,Y1-234_Y1_AM_Gubot.wav,
Y1-235,1st Year,Quiz,AM,Sayon,Nalipay,4 — Pleasant,4 — High,Y1-235_Y1_AM_Sayon.wav,
Y1-236,1st Year,Quiz,AM,Kapoy,Kapoy siya,4 — Pleasant,4 — High,Y1-236_Y1_AM_Kapoy_siya.wav,
Y1-237,1st Year,Lecture,AM,Igang,Kapoy,3 — Neutral,4 — High,Y1-237_Y1_AM_Igang_nga_kapoy.wav,
Y1-238,1st Year,Lecture,AM,Kapoy,Kapoy kaayo,3 — Neutral,3 — Moderate,Y1-238_Y1_AM_Kapoy.wav,
Y1-239,1st Year,Laboratory,AM,Kapoy,Kapoy,4 — Pleasant,3 — Moderate,Y1-239_Y1_AM_Kapoy.wav,
Y1-240,1st Year,Quiz,AM,Sayon,Nalipay,4 — Pleasant,4 — High,Y1-240_Y1_AM_Sayon.wav,
