Participant Code,Year Level,Class Activity,Session,Spoken Word,Self-Reported Feeling,Valence (1-5),Arousal (1-5),Audio Filename,Notes,Valence_Score,Arousal_Score,Valence_Label,Valence_Binary,Arousal_Binary,duration,f0_mean,f0_std,f0_max,f0_min,rms_mean,rms_std,rms_max,zcr_mean,zcr_std,sc_mean,sc_std,sb_mean,sb_std,sro_mean,sro_std,mfcc_1_mean,mfcc_1_std,mfcc_delta_1_mean,mfcc_delta_1_std,mfcc_delta2_1_mean,mfcc_delta2_1_std,mfcc_2_mean,mfcc_2_std,mfcc_delta_2_mean,mfcc_delta_2_std,mfcc_delta2_2_mean,mfcc_delta2_2_std,mfcc_3_mean,mfcc_3_std,mfcc_delta_3_mean,mfcc_delta_3_std,mfcc_delta2_3_mean,mfcc_delta2_3_std,mfcc_4_mean,mfcc_4_std,mfcc_delta_4_mean,mfcc_delta_4_std,mfcc_delta2_4_mean,mfcc_delta2_4_std,mfcc_5_mean,mfcc_5_std,mfcc_delta_5_mean,mfcc_delta_5_std,mfcc_delta2_5_mean,mfcc_delta2_5_std,mfcc_6_mean,mfcc_6_std,mfcc_delta_6_mean,mfcc_delta_6_std,mfcc_delta2_6_mean,mfcc_delta2_6_std,mfcc_7_mean,mfcc_7_std,mfcc_delta_7_mean,mfcc_delta_7_std,mfcc_delta2_7_mean,mfcc_delta2_7_std,mfcc_8_mean,mfcc_8_std,mfcc_delta_8_mean,mfcc_delta_8_std,mfcc_delta2_8_mean,mfcc_delta2_8_std,mfcc_9_mean,mfcc_9_std,mfcc_delta_9_mean,mfcc_delta_9_std,mfcc_delta2_9_mean,mfcc_delta2_9_std,mfcc_10_mean,mfcc_10_std,mfcc_delta_10_mean,mfcc_delta_10_std,mfcc_delta2_10_mean,mfcc_delta2_10_std,mfcc_11_mean,mfcc_11_std,mfcc_delta_11_mean,mfcc_delta_11_std,mfcc_delta2_11_mean,mfcc_delta2_11_std,mfcc_12_mean,mfcc_12_std,mfcc_delta_12_mean,mfcc_delta_12_std,mfcc_delta2_12_mean,mfcc_delta2_12_std,mfcc_13_mean,mfcc_13_std,mfcc_delta_13_mean,mfcc_delta_13_std,mfcc_delta2_13_mean,mfcc_delta2_13_std
Y1-201,1st Year,Lecture,AM,Lingaw,Nalipay,5 — Very Pleasant,3 — Moderate,Y1-201_Y1_AM_Lingaw.wav,,5,3,Pleasant,Pleasant,Low/Mod Arousal,0.5108390022675737,142.37886496192561,16.93743068210501,168.1863576436778,117.99979912248165,0.10354047268629074,0.06609729677438736,0.22183479368686676,0.11247452445652174,0.0472221475985649,2820.370385997007,1358.531260987157,2734.473454420808,831.8366201210672,6012.44480298913,2768.3702031128205,-203.2570037841797,82.91819763183594,-3.225637435913086,19.67831039428711,-3.655532121658325,6.2707624435424805,83.8154296875,47.45917892456055,0.6026221513748169,10.675131797790527,1.003594160079956,4.782309055328369,18.7930908203125,38.152915954589844,0.07529092580080032,9.299328804016113,-1.3719444274902344,5.175818920135498,13.336006164550781,20.39756965637207,-0.1725408136844635,4.271819114685059,-0.7079353332519531,2.9842920303344727,5.69863748550415,27.059917449951172,-0.9465406537055969,5.564198970794678,-0.7358867526054382,2.972562789916992,-18.185012817382812,20.84187889099121,1.828781008720398,3.4618921279907227,1.4058345556259155,2.9778504371643066,-13.965362548828125,24.945161819458008,-3.3107917308807373,4.188775062561035,-0.15695205330848694,3.7789716720581055,-5.223740100860596,9.800739288330078,0.5887468457221985,2.556109666824341,-0.10839729011058807,1.2538272142410278,-34.467464447021484,14.488090515136719,0.16170550882816315,3.3996450901031494,1.590661644935608,1.7625292539596558,-4.546323776245117,14.979463577270508,0.4725017249584198,3.656181812286377,0.6433911919593811,2.678807020187378,-8.082608222961426,20.364280700683594,0.5259600281715393,4.5889410972595215,0.4788905382156372,2.4247028827667236,4.945453643798828,12.129056930541992,0.5358467102050781,2.817378520965576,-0.11086411029100418,1.1762202978134155,0.05201692134141922,8.809975624084473,-0.049959659576416016,2.3257672786712646,-0.1602582186460495,1.124707579612732
Y1-202,1st Year,Lecture,AM,Nadasig,Nalipay,4 — Pleasant,4 — High,Y1-202_Y1_AM_Nadasig.wav,,4,4,Pleasant,Pleasant,High Arousal,1.0782766439909297,226.5697956889245,89.49323068764292,367.27206346812403,77.04589379820992,0.06449874490499496,0.04832563176751137,0.1709740310907364,0.2686481881648936,0.16668779409932596,3569.7342748625583,1714.4120861432364,2780.122732575866,722.442400144465,6433.846201795212,2308.2341323758405,-197.20196533203125,43.99238967895508,0.14858679473400116,5.920109272003174,-0.2624899744987488,1.8642041683197021,76.13085174560547,29.03390884399414,-0.7147428393363953,4.364252090454102,0.05059206113219261,2.5194313526153564,-0.04577523097395897,34.262935638427734,0.9869292974472046,6.108121871948242,-0.16334591805934906,3.3900225162506104,13.792893409729004,20.39205551147461,-0.6462013721466064,3.3744137287139893,0.18341676890850067,2.1634597778320312,-8.539932250976562,24.791576385498047,0.18224643170833588,5.124124526977539,-0.1802714765071869,2.701695442199707,-10.778308868408203,22.01482582092285,-0.15535296499729156,4.763012886047363,-0.00785965844988823,2.1602747440338135,6.812211036682129,14.441543579101562,-0.1376495212316513,2.54716157913208,0.08444947749376297,1.164238452911377,-24.896587371826172,11.967634201049805,0.2017642706632614,2.317491054534912,0.21388228237628937,0.9063449501991272,-4.068640232086182,18.102510452270508,-0.5732038021087646,2.7047293186187744,0.3571205139160156,1.4681235551834106,-6.36514139175415,7.652539253234863,0.25629493594169617,1.880692720413208,0.17590786516666412,1.3475130796432495,-18.7806453704834,9.677400588989258,-0.09861845523118973,1.9462018013000488,0.12534457445144653,1.2134960889816284,-9.37647533416748,9.255716323852539,-0.1176626905798912,1.6388070583343506,-0.08631817996501923,1.0822635889053345,-23.188467025756836,7.461214542388916,-0.09815466403961182,1.628718376159668,0.036774806678295135,1.0959558486938477
Y1-203,1st Year,Laboratory,AM,Kapoy,"Ambot, katulgon ko",2 — Unpleasant,2 — Low,Y1-203_Y1_AM_Kapoy_nga_dili.wav,,2,2,Unpleasant,Unpleasant/Neutral,Low/Mod Arousal,1.5325170068027212,142.81509086656408,66.45054240443599,483.2020243212037,65.23668639053254,0.07811780273914337,0.05549154058098793,0.1805723011493683,0.10043289412313433,0.0444032877901333,1971.8968860669754,843.1641330100787,2093.335943540054,682.8935550729941,3888.5108150652986,1899.314543198462,-263.07550048828125,56.2337646484375,-0.8557337522506714,10.720452308654785,-0.5216902494430542,5.656761646270752,109.59941864013672,23.139854431152344,-0.4438813626766205,4.533623695373535,-0.08766800910234451,2.829589366912842,3.7497897148132324,24.196346282958984,0.1324140876531601,4.491562366485596,0.184636652469635,2.5629942417144775,38.444828033447266,36.0453987121582,0.12010341137647629,5.294904708862305,-0.10417088121175766,2.551114320755005,9.841562271118164,15.345888137817383,-0.3839018940925598,3.4192159175872803,-0.018125535920262337,1.8139418363571167,-10.95887279510498,29.18895721435547,-0.20641827583312988,3.858259677886963,0.06089753657579422,2.150254011154175,-4.4864115715026855,14.951112747192383,-0.12089096009731293,2.511479377746582,-0.04249577224254608,1.3964959383010864,-3.5357015132904053,19.930654525756836,0.23457540571689606,3.0979132652282715,0.07808462530374527,1.5610185861587524,-31.164634704589844,26.076824188232422,0.041784483939409256,4.818747520446777,0.10036767274141312,2.2957065105438232,-34.05398941040039,16.239891052246094,-0.29694849252700806,2.4233386516571045,0.0319664441049099,1.7172331809997559,5.11529541015625,19.41370964050293,0.02594243362545967,4.248496055603027,0.0584503635764122,2.240021228790283,16.33311653137207,17.425865173339844,0.07133381068706512,2.975529193878174,0.034211792051792145,1.7621304988861084,-9.232995986938477,13.278098106384277,0.13582412898540497,2.991025686264038,0.06273021548986435,1.5554306507110596
Y1-204,1st Year,Laboratory,AM,Kapoy,Kapoy,3 — Neutral,2 — Low,Y1-204_Y1_AM_Kapoy.wav,,3,2,Neutral,Unpleasant/Neutral,Low/Mod Arousal,0.6965986394557823,119.68206447744633,29.646345758658395,151.5024540864983,65.23668639053254,0.10367096960544586,0.07310976833105087,0.2437882125377655,0.052151587701612906,0.027498968601417085,1457.117673580705,647.1748074039858,2032.8417104658245,549.1475176672723,2815.2926537298385,1601.4482808497407,-238.75192260742188,110.30455017089844,-8.445255279541016,20.08095932006836,-3.5410993099212646,12.711665153503418,137.53163146972656,40.90580749511719,1.285963773727417,10.204962730407715,-0.8698552250862122,3.1988041400909424,5.182154178619385,31.04970932006836,0.6352375745773315,6.508452415466309,0.9681699872016907,3.1654927730560303,23.568918228149414,24.252668380737305,0.4818550646305084,4.577917575836182,0.24710708856582642,2.866281509399414,24.16496467590332,20.915340423583984,0.2925978899002075,3.5432355403900146,-0.4470426142215729,2.005033254623413,-14.912506103515625,14.540485382080078,-0.7281376719474792,3.1920673847198486,0.8422209620475769,1.702618956565857,12.782477378845215,11.973440170288086,1.4778234958648682,2.3465685844421387,0.2256508767604828,1.2277940511703491,12.317255020141602,13.32293701171875,0.8722036480903625,2.0669825077056885,0.6994907855987549,1.9849838018417358,-16.36770248413086,10.969847679138184,-0.2563765347003937,2.2826671600341797,0.5086507201194763,1.2913129329681396,0.8160349726676941,13.556139945983887,-0.6724460124969482,2.523310422897339,-0.004274878650903702,1.1960914134979248,-5.282267093658447,11.92161750793457,0.726564347743988,2.648460626602173,-0.13818997144699097,0.9017555117607117,4.740391254425049,5.521215438842773,0.033827170729637146,1.1040542125701904,0.12323447316884995,0.6690284609794617,-11.846774101257324,7.606044292449951,-0.2623975872993469,1.3791396617889404,0.14690890908241272,0.9115094542503357
Y1-205,1st Year,Quiz,AM,Kapoy,Kapoy,3 — Neutral,3 — Moderate,Y1-205_Y1_AM_Kapoy.wav,,3,3,Neutral,Unpleasant/Neutral,Low/Mod Arousal,0.8591383219954648,190.95812066923986,76.9026571126235,413.47899068101816,68.0291738132108,0.07993247359991074,0.0593886636197567,0.2274351716041565,0.08106753700657894,0.036064243392138595,1980.6223706899373,712.7415533398334,2302.1131708548583,439.2967967835629,4448.873098273027,1663.226113876111,-215.43234252929688,64.19026947021484,-1.2965155839920044,11.832460403442383,-2.3657195568084717,7.127904891967773,102.258056640625,26.372777938842773,0.4174109101295471,6.414597034454346,-0.2900792062282562,3.9974846839904785,7.404138088226318,15.303201675415039,-0.6311634182929993,3.5250167846679688,0.3948467969894409,2.3013758659362793,21.919862747192383,14.449429512023926,-0.798273503780365,3.0403857231140137,0.12925954163074493,1.650141716003418,-18.361696243286133,20.071147918701172,0.34973564743995667,4.976096153259277,0.26483193039894104,2.1872897148132324,1.794059157371521,23.668745040893555,1.4493224620819092,2.0930912494659424,0.1917605847120285,1.012251615524292,-15.475232124328613,13.4989652633667,0.6235491037368774,2.758791923522949,0.18397891521453857,1.7491371631622314,-16.09831428527832,14.95844554901123,0.5902248024940491,1.8841099739074707,0.16301493346691132,1.2214797735214233,-23.186363220214844,13.215108871459961,0.49441394209861755,1.8016635179519653,0.23134155571460724,1.20701003074646,-6.311646938323975,12.50610065460205,-0.14542213082313538,2.318652629852295,-0.01564648188650608,1.2387505769729614,-3.590745210647583,10.92668628692627,0.06121164932847023,2.4833250045776367,-0.07962488383054733,1.1672980785369873,-7.584105014801025,10.186664581298828,-0.5663657784461975,2.6293320655822754,-0.004699099808931351,1.4799695014953613,-9.733899116516113,7.327544212341309,0.1723766326904297,1.4737365245819092,0.20532317459583282,1.2513740062713623
Y1-206,1st Year,Quiz,AM,Malas,Kapoy,2 — Unpleasant,2 — Low,Y1-206_Y1_AM_Malas.wav,,2,2,Unpleasant,Unpleasant/Neutral,Low/Mod Arousal,0.7766439909297053,158.94763998006889,70.8468306687723,323.9675439004215,66.43046915970024,0.05031531676650047,0.041109245270490646,0.16101735830307007,0.19855813419117646,0.12430315906529969,3160.831225575198,1483.8603904945837,2595.274101104809,747.3751409367261,6066.663315716912,2402.474262921055,-199.04067993164062,40.65232467651367,1.1475296020507812,8.945816040039062,0.10103248059749603,3.9409782886505127,81.97349548339844,40.44916915893555,-0.44771474599838257,6.8037261962890625,0.3557051420211792,2.209543228149414,2.7101306915283203,45.038089752197266,0.614901065826416,7.494534015655518,-0.5308452844619751,2.9836137294769287,-2.5754103660583496,14.228074073791504,-0.767761766910553,3.746335029602051,0.3350074291229248,1.5038732290267944,-16.633710861206055,17.583776473999023,0.45900991559028625,2.5520823001861572,0.06143661215901375,0.703457236289978,15.238268852233887,8.035953521728516,0.1360323280096054,1.6013705730438232,-0.0990363284945488,0.9432450532913208,-12.094974517822266,16.186426162719727,-0.20114284753799438,2.99454665184021,0.2529064118862152,1.2534428834915161,-0.9825083613395691,8.132190704345703,0.5452508330345154,1.4314824342727661,0.010188404470682144,0.9333732724189758,-10.424426078796387,7.779682636260986,-0.7109951376914978,0.833979606628418,-0.027641700580716133,0.5838707089424133,-4.263759136199951,12.79879379272461,0.27831050753593445,2.8559765815734863,0.22780688107013702,1.5232845544815063,-13.973268508911133,12.001099586486816,-0.4005720615386963,2.502558469772339,0.2933277189731598,0.787312388420105,-15.805960655212402,7.067342758178711,0.11630143970251083,1.30485200881958,0.29200688004493713,0.7021295428276062,-13.383988380432129,10.912951469421387,0.7934311032295227,2.2715959548950195,0.3417273163795471,1.4795540571212769
Y1-207,1st Year,Quiz,AM,Kapoy,Grabe kapoy,3 — Neutral,3 — Moderate,Y1-207_Y1_AM_Kapoy.wav,,3,3,Neutral,Unpleasant/Neutral,Low/Mod Arousal,0.5907936507936508,218.1531818427788,58.86370041044074,402.85125461101103,68.25429059308384,0.06465911120176315,0.0564502477645874,0.1827571839094162,0.10546875,0.028669156625484932,2443.155859743327,588.8384556199602,2626.355971488426,484.9786907263036,5854.132549579327,1435.7470160469684,-220.04556274414062,40.763980865478516,-0.557042121887207,8.924515724182129,-1.5407702922821045,2.589759588241577,98.04623413085938,12.040228843688965,0.08639867603778839,2.9463369846343994,-0.3056517541408539,1.4444613456726074,7.795900821685791,11.446588516235352,0.25228139758110046,2.28228759765625,-0.6431760191917419,1.6399835348129272,-2.874502658843994,17.724245071411133,1.0043421983718872,2.5549561977386475,0.24228110909461975,1.1893086433410645,-30.000469207763672,30.336397171020508,-0.3737030029296875,7.630632400512695,0.1724996566772461,2.528184652328491,9.053262710571289,10.64259147644043,0.6152465343475342,2.9719035625457764,-0.26113057136535645,1.5081281661987305,-13.07700252532959,9.788274765014648,0.8888106942176819,2.635441541671753,0.6343392729759216,1.5038496255874634,-6.229955673217773,7.241776466369629,0.6638460755348206,0.898079514503479,-0.16817858815193176,0.8772441744804382,-13.115073204040527,11.795633316040039,-0.41544321179389954,2.2227835655212402,0.1745033860206604,1.1689200401306152,-19.24274253845215,8.366042137145996,-0.3498392105102539,2.204174518585205,-0.1299799531698227,1.663662314414978,-1.9321588277816772,9.327773094177246,0.27966439723968506,1.925405740737915,-0.4153248071670532,1.098290205001831,2.9925601482391357,7.959962844848633,-0.6120685338973999,1.4788295030593872,0.039928875863552094,0.9098141193389893,-22.988508224487305,11.593548774719238,0.08090896159410477,2.9687631130218506,0.3221648335456848,1.1668776273727417
Y1-208,1st Year,Quiz,AM,Kapoya,Overwhelmed,3 — Neutral,4 — High,Y1-208_Y1_AM_Kapoya.wav,,3,4,Neutral,Unpleasant/Neutral,High Arousal,2.020136054421769,208.5308806240918,91.77835101892335,489.5090455246238,68.87400289708285,0.05001595988869667,0.05289573594927788,0.21526482701301575,0.13352272727272727,0.10493880454531386,2320.068735093954,1293.1732542532745,2160.0523833110915,696.9958489169753,4398.5237815163355,2410.0172697339085,-338.2926940917969,78.63896942138672,-1.4826260805130005,13.418205261230469,-0.6559845805168152,6.34689998626709,84.58203887939453,45.19011306762695,-0.42097827792167664,7.588642120361328,-0.1544402688741684,4.479593753814697,9.637959480285645,31.372875213623047,-0.6881937980651855,5.242499828338623,-0.11483807861804962,2.3643178939819336,-1.3381314277648926,28.53153419494629,-0.47758129239082336,5.073934555053711,0.3894258737564087,2.6762046813964844,-20.84292984008789,21.08131217956543,0.3869676887989044,2.325073003768921,0.38545846939086914,2.0460734367370605,5.010751724243164,16.5742130279541,0.4435328543186188,2.6464409828186035,0.0031566729303449392,1.8652071952819824,-19.342161178588867,19.362733840942383,0.390053391456604,2.5613365173339844,0.11300620436668396,1.4828417301177979,-5.08770751953125,13.623392105102539,-0.11005490273237228,2.3025128841400146,0.007183432579040527,1.1734849214553833,-15.281210899353027,12.123172760009766,-0.03057302162051201,2.050219774246216,0.09297778457403183,1.0435357093811035,-10.945178985595703,15.483891487121582,0.040156442672014236,2.6076314449310303,0.034932997077703476,1.3343430757522583,-2.778027057647705,20.064456939697266,0.11376459151506424,3.3474719524383545,-0.0990184023976326,1.2527097463607788,-3.3843748569488525,23.36591911315918,0.3045896589756012,4.158928394317627,-0.12020797282457352,1.4229848384857178,-0.4986003637313843,23.598939895629883,0.09317068755626678,3.672240972518921,-0.042997993528842926,1.1863394975662231
Y1-209,1st Year,Laboratory,AM,Lingaw,Lingaw nga dala kapoy,4 — Pleasant,4 — High,Y1-209_Y1_AM_Lingaw_nga_kapoy.wav,,4,4,Pleasant,Pleasant,High Arousal,1.5489795918367346,149.03411173440327,36.70218364453579,395.4823617269158,95.56812795000808,0.06359637528657913,0.031252358108758926,0.1354852169752121,0.09735016324626866,0.053100920475422614,2101.9321459964513,620.5861167569803,2291.202177989529,417.8702466400331,4491.922589202425,1530.7591655390213,-219.72134399414062,60.838619232177734,0.20429199934005737,11.302375793457031,-0.8156437873840332,6.325776100158691,94.57548522949219,24.797903060913086,0.2541220188140869,5.187519073486328,0.12737292051315308,2.1497788429260254,2.3637619018554688,24.302169799804688,0.327538400888443,4.183741569519043,-0.06249755993485451,2.1911163330078125,30.40373420715332,23.691173553466797,-1.4389675855636597,4.047106742858887,-0.07021288573741913,1.7996176481246948,-12.953044891357422,12.666433334350586,0.2787646949291229,2.231424331665039,0.16095726191997528,1.389177918434143,17.90496253967285,13.761246681213379,0.6045888662338257,2.8040380477905273,0.09020569920539856,1.4169765710830688,0.32125306129455566,15.43356990814209,-0.4651411771774292,1.7830092906951904,-0.0004473991284612566,1.1085412502288818,-1.5171139240264893,13.867461204528809,0.15514834225177765,2.3940134048461914,0.042440034449100494,1.4276888370513916,-11.974183082580566,9.26381778717041,0.2159980982542038,1.742034673690796,0.19805563986301422,1.2497401237487793,-4.871478080749512,16.064483642578125,0.1594475656747818,2.547542095184326,-0.005084619391709566,1.2552134990692139,0.26036062836647034,12.307075500488281,0.17780399322509766,1.8735584020614624,-0.04915662482380867,0.9096031188964844,-9.201953887939453,12.02985954284668,-0.17876632511615753,1.7842044830322266,0.08915506303310394,0.8990557789802551,-16.289295196533203,11.200562477111816,0.20788560807704926,2.649301052093506,-0.009104609489440918,1.2180726528167725
Y1-210,1st Year,Quiz,AM,Kapoy,Kapoy,3 — Neutral,3 — Moderate,Y1-210_Y1_AM_Kapoy.wav,,3,3,Neutral,Unpleasant/Neutral,Low/Mod Arousal,0.6523356009070295,168.99611729241306,35.229523889853276,208.48999940292796,90.53821907127151,0.05744223669171333,0.023668663576245308,0.10404672473669052,0.09699959590517242,0.02941793075767174,2115.240624875761,467.32903991908694,2395.6066636601304,388.3295373048771,5020.206425107759,1120.161627714747,-186.22377014160156,37.9234733581543,2.1743106842041016,8.691637992858887,-3.2657577991485596,5.021800994873047,107.91595458984375,15.752727508544922,0.5856494307518005,3.6215033531188965,0.0830768421292305,1.3881789445877075,2.1989495754241943,17.85906219482422,-0.6146513223648071,4.726778030395508,0.2928450405597687,1.3586169481277466,9.475918769836426,17.877927780151367,1.693955659866333,1.389177918434143,-0.4120645821094513,1.124765157699585,-20.184919357299805,9.931456565856934,-0.8785598278045654,2.695932149887085,0.042502954602241516,1.209602952003479,19.66753387451172,9.384891510009766,0.5478863716125488,2.445500373840332,-0.18322131037712097,0.9644851088523865,-18.3526668548584,4.911565780639648,0.1151542142033577,0.9042931795120239,0.23444609344005585,0.9736692309379578,-6.799002647399902,7.059512615203857,-0.6037587523460388,0.995056688785553,0.1712685227394104,0.6304243803024292,-4.230576038360596,8.994139671325684,0.03316820040345192,1.860452651977539,-0.02760210447013378,1.0270754098892212,-10.53178882598877,7.3943705558776855,-0.3810303211212158,1.8914262056350708,0.15759959816932678,1.001590371131897,-8.020112991333008,4.474343776702881,0.2663270831108093,0.7391830086708069,0.0033455656375736,0.465065062046051,-5.900708198547363,12.094582557678223,0.7738966941833496,1.4497750997543335,0.1624843329191208,0.8553815484046936,-22.476703643798828,7.551076412200928,-0.15945614874362946,2.0583391189575195,0.43798503279685974,0.945858359336853
Y1-211,1st Year,Lecture,AM,Kapoy,Kapoy,4 — Pleasant,3 — Moderate,Y1-211_Y1_AM_Kapoy.wav,,4,3,Pleasant,Pleasant,Low/Mod Arousal,0.7235827664399093,226.52334757124362,94.67440327064102,367.63666647720595,93.07721052460127,0.13811735808849335,0.06486811488866806,0.2640629708766937,0.05438232421875,0.024489857320957913,1719.2909854460734,469.88605422876896,2242.1702655339695,372.85296037011716,3978.25927734375,1494.6102288470881,-166.26731872558594,35.84471893310547,-1.8344485759735107,6.962357521057129,-2.1392667293548584,6.814427852630615,106.30731201171875,19.397382736206055,-1.0997731685638428,3.8144378662109375,0.27264243364334106,2.518366575241089,10.599475860595703,12.858367919921875,1.0093626976013184,2.43149733543396,-0.35135984420776367,1.6593072414398193,25.688297271728516,21.66134262084961,1.4558695554733276,3.085040807723999,0.6055810451507568,2.1718053817749023,3.6921966075897217,11.48279094696045,-0.5349067449569702,2.0691795349121094,0.28568243980407715,1.4802305698394775,16.05986785888672,14.1689453125,0.23200833797454834,3.134129285812378,-0.4862791895866394,1.2221673727035522,-23.98800277709961,11.551314353942871,0.9591724276542664,2.3815066814422607,-0.5194437503814697,1.3346998691558838,1.7829536199569702,7.699550151824951,0.17831474542617798,1.7014070749282837,0.25723445415496826,1.0821937322616577,-4.876560211181641,6.454570293426514,-0.02083614096045494,1.2956067323684692,0.3683714270591736,0.5869643688201904,-12.37035083770752,11.256441116333008,-0.8080958127975464,1.8323335647583008,0.2208617478609085,0.6335898041725159,-9.969507217407227,7.32963752746582,0.8344404697418213,0.9089607000350952,0.0859529972076416,0.6445847749710083,-5.156714916229248,7.744415283203125,-0.19368025660514832,1.7498029470443726,-0.10672593116760254,1.4281913042068481,-20.888479232788086,5.699466705322266,0.5748258829116821,1.070497989654541,-0.21712252497673035,0.6760510206222534
Y1-212,1st Year,Laboratory,AM,Kapoy,Kapoy,4 — Pleasant,3 — Moderate,Y1-212_Y1_AM_Kapoy.wav,,4,3,Pleasant,Pleasant,Low/Mod Arousal,0.6933333333333334,119.01986035724566,43.33694302958519,323.4841415392694,83.80907405206813,0.08183403313159943,0.03169877827167511,0.14894753694534302,0.08623046875,0.06633399772630805,2038.7533180017206,687.755679033671,2510.6068487474868,381.6245848250054,4813.74755859375,1587.5836223989372,-208.24229431152344,77.43880462646484,4.49608850479126,12.874344825744629,-5.573413372039795,11.36528491973877,88.89823150634766,26.69488525390625,0.7061330080032349,5.942493915557861,-0.36405789852142334,3.4295783042907715,24.390098571777344,9.666977882385254,0.646686315536499,2.184556722640991,-0.05495975911617279,0.7727779150009155,24.59848976135254,18.050220489501953,1.3211619853973389,2.1448607444763184,0.1374858170747757,1.0241665840148926,-4.360081672668457,7.713909149169922,0.1364811211824417,1.5812116861343384,0.18150968849658966,1.620983362197876,22.94654083251953,6.931822776794434,0.3252972364425659,1.5000230073928833,-0.07909872382879257,0.8242409229278564,-5.335677146911621,6.026304244995117,-0.2785220742225647,0.5363837480545044,0.15300314128398895,0.6500348448753357,10.578370094299316,6.666396617889404,-0.646735429763794,1.2280291318893433,0.028744101524353027,0.8385370969772339,-5.154236316680908,10.28648567199707,-0.7552584409713745,1.3716034889221191,0.18735599517822266,0.7014352083206177,-6.164140701293945,6.5733466148376465,-0.337304025888443,1.522446632385254,-0.11633091419935226,0.7513864040374756,-0.8083537220954895,4.651113986968994,0.08876301348209381,0.9999610185623169,-0.13303586840629578,0.7897772789001465,-8.024700164794922,8.28450870513916,0.12550590932369232,1.556656002998352,0.125650092959404,0.7205339074134827,-3.725081443786621,6.130649089813232,-0.7552453279495239,1.4466944932937622,0.047990117222070694,0.8486879467964172
Y1-213,1st Year,Lecture,AM,Kapoy,Kapoy,3 — Neutral,3 — Moderate,Y1-213_Y1_AM_Kapoy.wav,,3,3,Neutral,Unpleasant/Neutral,Low/Mod Arousal,0.7115646258503401,175.79303065427553,60.23146432108068,249.24145149389727,99.99302791631561,0.027326449751853943,0.015539547428488731,0.06514345854520798,0.08883568548387097,0.04798108157671605,1937.6674028751352,330.79106157849856,2291.576418233847,118.20284126393558,4689.375945060484,541.9220491539882,-284.84613037109375,47.59889602661133,3.2643866539001465,10.717487335205078,-1.6853047609329224,3.925297737121582,111.26374053955078,10.009315490722656,-0.9420181512832642,2.4679694175720215,-0.2620490491390228,1.5166974067687988,5.778177738189697,13.918292999267578,-0.06545358896255493,2.990633726119995,0.42972415685653687,1.2922519445419312,10.19929313659668,8.006033897399902,0.3729957640171051,1.9156862497329712,0.26586973667144775,0.958219051361084,-24.365259170532227,14.821556091308594,0.3861091732978821,3.5068068504333496,-0.03266916051506996,2.0557591915130615,14.244405746459961,12.672004699707031,0.4521893858909607,2.850703001022339,0.21303442120552063,1.0110836029052734,-23.69119644165039,7.259503364562988,-0.39738139510154724,1.908215880393982,0.2449885606765747,1.213322639465332,-0.08705871552228928,7.866384029388428,-0.27891552448272705,2.0832293033599854,0.0586986280977726,1.0896644592285156,-5.31984806060791,5.320890426635742,0.20880474150180817,1.092484712600708,-0.08116767555475235,0.7608625888824463,-6.799908638000488,5.5434136390686035,-0.2677411437034607,1.268090844154358,-0.08808571845293045,0.4296156167984009,5.235109806060791,8.661017417907715,-0.015299159102141857,1.9970704317092896,0.015572110190987587,0.7669604420661926,-7.883544921875,12.44067668914795,-0.434589684009552,2.9397807121276855,-0.17949512600898743,1.417954444885254,-16.574825286865234,6.079761505126953,-0.3868515193462372,1.1436197757720947,-0.16022154688835144,0.6356410384178162
Y1-214,1st Year,Lecture,AM,Katulgon,Katulgon,2 — Unpleasant,2 — Low,Y1-214_Y1_AM_Katulgon.wav,,2,2,Unpleasant,Unpleasant/Neutral,Low/Mod Arousal,0.7270294784580499,115.25675703388443,5.586957825003342,125.30609835704452,104.36313339743924,0.04010029137134552,0.01989075168967247,0.07452262938022614,0.0661773681640625,0.02626327507511907,1951.0321471223383,314.46781094938996,2416.726681556833,323.2920075978246,4934.468078613281,1067.7931374776085,-272.635009765625,47.74462890625,1.121498465538025,8.341385841369629,-2.113057851791382,6.824409008026123,99.66190338134766,10.049088478088379,0.4447453022003174,2.1723060607910156,-0.3505465090274811,1.3848267793655396,12.416349411010742,15.371018409729004,-0.11492986977100372,2.6446824073791504,0.5604300498962402,1.7772666215896606,36.190185546875,17.013774871826172,0.15868115425109863,3.647824764251709,0.03616590052843094,1.6294628381729126,3.1871917247772217,6.810852527618408,-0.08327298611402512,1.2514965534210205,0.04425463080406189,1.169101595878601,23.84817123413086,12.920589447021484,-0.07658211141824722,2.9918007850646973,-0.20100386440753937,1.5691711902618408,-13.079586029052734,7.067235946655273,0.07918404042720795,1.6253880262374878,0.23544183373451233,0.8131445646286011,2.147921562194824,8.77299690246582,0.029876336455345154,1.5954147577285767,0.6281750202178955,1.4639137983322144,-21.195951461791992,17.378070831298828,0.19601210951805115,3.422308921813965,0.29769396781921387,2.4790961742401123,-10.23134994506836,8.090973854064941,-0.48828455805778503,1.629798173904419,-0.1745253950357437,1.0169634819030762,-5.9486799240112305,6.9579949378967285,0.26905733346939087,1.4639413356781006,-0.20016230642795563,1.1633765697479248,-10.15892219543457,9.848929405212402,0.6222814321517944,2.235158920288086,-0.09553585201501846,1.1125764846801758,-5.585216045379639,6.792999267578125,0.2589661180973053,1.4214248657226562,0.3423469066619873,1.0134258270263672
Y1-215,1st Year,Lecture,AM,Kapoy,Kapoy,2 — Unpleasant,2 — Low,Y1-215_Y1_AM_Kapoy.wav,,2,2,Unpleasant,Unpleasant/Neutral,Low/Mod Arousal,0.5977324263038549,122.10783526539281,9.098883820368208,158.04254828057648,111.79662578537771,0.019272075966000557,0.010231996886432171,0.03777299448847771,0.26477989783653844,0.17612592022975596,3798.7255944077924,1670.202582999355,2618.5657242918014,401.70403254468135,6614.0061598557695,2054.344513416993,-311.2629089355469,54.294952392578125,-2.0257904529571533,11.373895645141602,-1.3875298500061035,4.260113716125488,52.92770767211914,52.39557647705078,-1.3209891319274902,12.0698881149292,-1.4920254945755005,5.77232027053833,38.124183654785156,34.72954177856445,1.2581202983856201,7.785848140716553,1.460091233253479,4.309136867523193,7.494514465332031,17.324186325073242,1.257718801498413,3.340538263320923,0.7770006656646729,2.1103527545928955,-14.01156234741211,12.402527809143066,0.21397167444229126,2.3925206661224365,0.3605405390262604,1.155046820640564,34.394474029541016,4.666016578674316,-0.03632389008998871,0.8075353503227234,0.3309536278247833,0.7843475937843323,-18.82724952697754,8.925668716430664,-0.23397189378738403,1.562914252281189,-0.328633189201355,1.4932453632354736,7.621982097625732,8.85973834991455,0.7568118572235107,2.409740924835205,-0.08977251499891281,1.3767999410629272,-14.810161590576172,8.58316421508789,0.5631486177444458,1.20023512840271,0.44008392095565796,1.4091752767562866,-14.623570442199707,7.659491062164307,-0.39961856603622437,1.4697092771530151,0.5282267332077026,0.9542376399040222,0.3161635994911194,12.00734806060791,-1.7448137998580933,1.661595106124878,0.012698531150817871,1.3170267343521118,-2.5205931663513184,8.032631874084473,-0.6547785401344299,1.0101478099822998,0.023618390783667564,0.8450583219528198,-8.046255111694336,4.063315391540527,0.03170829266309738,0.7602095007896423,0.011320788413286209,0.5718001127243042
Y1-216,1st Year,Lecture,AM,Alimoot,Alimoot,2 — Unpleasant,1 — Very Low,Y1-216_Y1_AM_Alimoot.wav,,2,1,Unpleasant,Unpleasant/Neutral,Low/Mod Arousal,0.9737868480725623,136.40254651573267,24.29292026186023,218.1849111063162,71.2884874258701,0.037315018475055695,0.02697114646434784,0.09873972088098526,0.07292829241071429,0.025754413465605242,1913.8959776327777,656.0287358388046,2376.0925330725886,476.37936471648004,4286.6455078125,2081.2396229665683,-288.8463134765625,26.719497680664062,0.08040807396173477,5.276869297027588,-0.3538511395454407,2.240762948989868,109.27684020996094,25.62908363342285,0.22997456789016724,4.791336536407471,-0.706702709197998,2.394037961959839,26.850736618041992,14.324197769165039,0.7061944007873535,2.9986424446105957,0.5090422630310059,1.6938560009002686,14.366121292114258,12.58885383605957,0.2741466462612152,2.650076389312744,0.3500933051109314,1.8895763158798218,-21.41617774963379,18.018342971801758,0.26448434591293335,3.2201058864593506,0.24570846557617188,1.1941192150115967,18.487380981445312,17.522891998291016,0.02508419379591942,3.2182528972625732,0.25700193643569946,1.2892075777053833,-13.667973518371582,7.110742092132568,-0.36334869265556335,1.6636054515838623,-0.015453392639756203,0.808395266532898,6.347292900085449,6.520854949951172,-0.28274625539779663,1.5529472827911377,0.3274538516998291,0.9341697692871094,-13.19078540802002,8.561639785766602,0.18132814764976501,1.892458438873291,-0.03932878002524376,1.1545485258102417,-8.921375274658203,8.998659133911133,-0.12811625003814697,1.646665096282959,-0.01470774132758379,0.6331292390823364,-8.539899826049805,10.957674026489258,-0.1705220341682434,1.9660927057266235,-0.26710617542266846,1.2281683683395386,-10.252504348754883,4.426689624786377,-0.01281621865928173,0.828618049621582,0.051930058747529984,0.40919357538223267,-11.12794303894043,9.317164421081543,-0.08983290195465088,1.739645004272461,0.24691064655780792,0.7745806574821472
Y1-217,1st Year,Lecture,AM,Kapoy,Kapoy,4 — Pleasant,3 — Moderate,Y1-217_Y1_AM_Kapoya_oy.wav,,4,3,Pleasant,Pleasant,Low/Mod Arousal,0.7815419501133787,203.22287283931516,68.2869705134291,286.08045123913934,126.53329995072883,0.021985545754432678,0.018204521387815475,0.06380102783441544,0.12337718290441177,0.04116524224698962,2612.4103608140686,537.8844451826579,2540.4132981581533,376.31700829797137,5749.998563878677,1007.5733004091331,-346.46923828125,71.0740737915039,-0.3363420069217682,13.9630765914917,-1.0582280158996582,6.055533409118652,73.84959411621094,25.502628326416016,0.44499292969703674,5.645276069641113,-0.0654115229845047,2.4527010917663574,8.755486488342285,33.12430953979492,-1.988781213760376,6.517591953277588,-0.041734352707862854,3.0159595012664795,19.83248519897461,28.37615203857422,1.716296672821045,7.079643249511719,0.8505607843399048,4.596806526184082,-15.178242683410645,15.877391815185547,0.5299996137619019,3.2214889526367188,0.5269610285758972,2.1298131942749023,1.4472765922546387,22.63840675354004,-0.6698248386383057,5.371560573577881,-0.5495726466178894,2.787349224090576,-15.215134620666504,11.592948913574219,0.2856317162513733,2.2850773334503174,-0.050139427185058594,1.1027988195419312,10.69275951385498,8.978846549987793,-0.40790098905563354,1.870618462562561,0.04691046103835106,1.427716851234436,-2.0493710041046143,26.446163177490234,-0.10335798561573029,5.901576519012451,0.30576491355895996,2.3208298683166504,-4.384920597076416,12.743720054626465,-0.4440804719924927,2.7727391719818115,0.1542738676071167,1.0029021501541138,-11.39615249633789,11.241665840148926,0.2883588969707489,1.838573694229126,0.3550090193748474,1.6154955625534058,6.571866512298584,18.540569305419922,0.11692502349615097,4.569628715515137,-0.505842387676239,1.9490256309509277,-26.241647720336914,13.5591402053833,-0.04574448615312576,2.607733964920044,-0.30969929695129395,1.331398367881775
Y1-218,1st Year,Lecture,AM,Chill,Chill lang,4 — Pleasant,4 — High,Y1-218_Y1_AM_Chill_lang.wav,,4,4,Pleasant,Pleasant,High Arousal,0.5292517006802722,325.582613279451,106.2795947085216,488.1339663026484,114.02761659301142,0.035382021218538284,0.015671512112021446,0.05878469720482826,0.17629076086956522,0.11516162063912838,2941.8938079187146,1404.0130204429568,2127.1218709209097,347.8389813770182,5095.879330842391,1329.2831564252458,-308.87091064453125,54.874935150146484,1.9339354038238525,12.86307144165039,-4.496280670166016,5.382598400115967,66.75931549072266,45.07589340209961,4.490931034088135,5.722134113311768,1.097287893295288,3.476360559463501,8.632975578308105,35.44959259033203,-3.8151824474334717,6.903103828430176,0.9051895141601562,4.35255765914917,35.187034606933594,21.630626678466797,0.851655900478363,6.169070243835449,-0.159654900431633,2.271479368209839,-16.98186683654785,11.404980659484863,1.657382607460022,0.618565559387207,-0.04510799050331116,0.9038674235343933,14.408312797546387,26.714881896972656,-2.627291440963745,7.45652961730957,-0.0148694459348917,2.6291730403900146,-29.070409774780273,15.214560508728027,2.1554362773895264,3.8868515491485596,-0.22244486212730408,2.7359211444854736,-1.7048102617263794,16.54692840576172,-0.7942141890525818,3.826615333557129,-0.27381831407546997,1.603859305381775,-10.531808853149414,18.747907638549805,1.1373106241226196,3.194880247116089,0.2745729386806488,2.093075752258301,-7.3061113357543945,9.067578315734863,-0.32187655568122864,2.475677728652954,-0.07755447179079056,1.1538623571395874,-11.143327713012695,12.315049171447754,-0.34014075994491577,2.3859143257141113,0.7908636927604675,1.6781977415084839,-10.541228294372559,11.030889511108398,0.14890214800834656,2.4136788845062256,0.9271117448806763,1.849974274635315,0.07742156088352203,11.74008560180664,-0.08483034372329712,2.7967562675476074,-0.24452364444732666,1.2187654972076416
Y1-219,1st Year,Laboratory,AM,Bugnaw,Bugnaw siya,4 — Pleasant,3 — Moderate,Y1-219_Y1_AM_Bugnaw.wav,,4,3,Pleasant,Pleasant,Low/Mod Arousal,0.7,142.84074415870634,29.682477563444234,163.6521045448115,75.35544976885771,0.19974005222320557,0.0675232857465744,0.35025161504745483,0.057396673387096774,0.015684366329527726,1401.3509866920513,226.03454228924022,1719.434280722731,182.42573054754342,2703.1116116431454,610.9019165288322,-73.088134765625,21.15560531616211,0.4444156885147095,4.820771217346191,-0.7425976395606995,2.40089750289917,148.4067840576172,13.598540306091309,0.38994288444519043,3.131927490234375,0.3986370265483856,1.6832201480865479,-19.862913131713867,9.012542724609375,-0.18116596341133118,2.147172451019287,0.10598435252904892,1.515895128250122,18.365049362182617,8.958108901977539,0.14082495868206024,2.0414159297943115,-0.16018426418304443,1.0248136520385742,-19.334035873413086,7.105842113494873,0.2806575894355774,1.4510362148284912,-0.22462087869644165,0.9769372940063477,2.8721911907196045,7.729928970336914,-0.36808761954307556,1.2099928855895996,-0.01756811887025833,0.8807421922683716,-3.2772767543792725,8.79932975769043,0.43530577421188354,1.6951534748077393,0.32565152645111084,1.3191862106323242,-2.2766671180725098,5.738155841827393,0.3470335602760315,1.1603666543960571,0.24730803072452545,0.6773215532302856,-13.992622375488281,8.24437141418457,-0.11827067285776138,1.8335175514221191,0.015181264840066433,1.145266056060791,-0.023593256250023842,6.772594451904297,0.08565571159124374,1.2211719751358032,-0.21465829014778137,0.6632744073867798,-1.6271404027938843,5.7432332038879395,-0.42997094988822937,1.3093340396881104,0.010908722877502441,0.755984365940094,5.641907691955566,5.770180702209473,-0.30518192052841187,1.3687249422073364,0.32164546847343445,0.8286119699478149,-8.87042236328125,5.529618263244629,0.2584449052810669,1.3460255861282349,0.12751123309135437,0.8957338333129883
Y1-220,1st Year,Lecture,AM,Nalipay,Daghan natun-an,4 — Pleasant,4 — High,Y1-220_Y1_AM_Daghan_natun-an.wav,,4,4,Pleasant,Pleasant,High Arousal,0.8823582766439909,216.04650908200063,72.43951586129322,321.0690402079508,120.61988314381975,0.027688201516866684,0.022258147597312927,0.0816749557852745,0.1528195112179487,0.07396416388793393,2282.343562717376,873.9484036622998,1879.070323317024,523.518197833409,4331.210561899038,1355.7851546331035,-317.3723449707031,59.97645950317383,0.4414415657520294,9.704442977905273,-0.9199563264846802,3.0697810649871826,99.27601623535156,27.26532745361328,-2.545741558074951,6.347232341766357,-0.10892501473426819,2.572932720184326,-41.269527435302734,42.980655670166016,1.3643379211425781,6.856517791748047,0.3141317665576935,1.9805063009262085,22.73204803466797,17.853412628173828,-0.42850106954574585,3.1484577655792236,-0.28913137316703796,1.4731237888336182,-16.01308822631836,11.546899795532227,-0.6451853513717651,1.5647661685943604,-0.13613709807395935,0.7526871562004089,4.800018787384033,17.887487411499023,0.694006085395813,2.509270191192627,0.5115472078323364,0.9534842371940613,-12.33077621459961,14.338533401489258,-0.09787271916866302,2.644050121307373,0.19569282233715057,1.2172695398330688,-19.94170379638672,16.98954963684082,0.7352429628372192,3.3301525115966797,0.20224854350090027,1.5758131742477417,-15.610564231872559,7.672565460205078,0.2346445471048355,1.2285852432250977,0.15871994197368622,1.0056642293930054,0.6326994299888611,9.149237632751465,-0.26025328040122986,2.1676642894744873,-0.06872919201850891,1.2848676443099976,-10.262410163879395,8.700907707214355,0.08027946949005127,1.9457437992095947,0.3727085590362549,0.6795024871826172,-9.764859199523926,10.815287590026855,0.03221972659230232,1.9756672382354736,0.018636902794241905,0.9051798582077026,-19.39305305480957,10.981816291809082,0.39960378408432007,2.0408551692962646,-0.2598015367984772,1.0627944469451904
Y1-221,1st Year,Laboratory,AM,Kapoy,Kapoy,3 — Neutral,2 — Low,Y1-221_Y1_AM_Kapoy.wav,,3,2,Neutral,Unpleasant/Neutral,Low/Mod Arousal,0.5204988662131519,186.658185287312,33.90287482638359,300.50744413771673,141.04261539077555,0.023432578891515732,0.017873726785182953,0.06089280545711517,0.09852666440217392,0.030600373935873785,1905.9533643602344,414.69098507603286,2006.9089898111893,512.4822473899551,4164.334239130435,1329.8916365731727,-342.0633850097656,54.72441101074219,0.7997441291809082,13.592514991760254,-5.508720874786377,7.19778299331665,114.9072036743164,16.787391662597656,-2.071634292602539,1.7030200958251953,0.4673931300640106,1.860487699508667,-22.74581527709961,21.53120231628418,0.8438701033592224,4.063838481903076,0.9432932734489441,1.9229804277420044,8.094943046569824,17.51302719116211,2.574007987976074,1.3802701234817505,-0.030267132446169853,0.9840540885925293,-41.47231674194336,24.596513748168945,1.0729674100875854,5.714756488800049,0.7686759829521179,1.9301648139953613,-0.5841305255889893,7.968761920928955,-0.026477772742509842,1.4415504932403564,0.2917684316635132,0.9623432159423828,8.881948471069336,17.176259994506836,-0.628851592540741,3.6492650508880615,-0.6468672752380371,2.1042792797088623,-12.61530876159668,10.1940279006958,-0.21409299969673157,2.5187172889709473,0.4332900643348694,0.6477769613265991,-38.185585021972656,15.128291130065918,0.819790244102478,3.657233953475952,1.3689802885055542,2.435741901397705,-9.128769874572754,8.541285514831543,0.9975954294204712,2.1012377738952637,-0.5193280577659607,1.138545036315918,-11.7495756149292,14.150468826293945,-1.0165767669677734,2.564934492111206,0.29062649607658386,1.2831250429153442,0.6429691910743713,7.308378219604492,-0.18729624152183533,1.254692792892456,-0.011699795722961426,0.739594578742981,2.417752742767334,12.810133934020996,-1.3319892883300781,1.3896126747131348,-0.11536411941051483,0.8726328611373901
Y1-222,1st Year,Laboratory,AM,Kapoy,Kapoy,4 — Pleasant,4 — High,Y1-222_Y1_AM_Kapoy.wav,,4,4,Pleasant,Pleasant,High Arousal,0.7,268.5592427800083,123.23512234905571,482.02448961998476,86.5624966657627,0.42002740502357483,0.1918211132287979,0.7279796004295349,0.08705582157258064,0.01905415011616616,1760.1443649807482,169.14467074094995,1824.9753405473248,132.62051790327007,3281.7296181955644,366.15044666674964,13.924297332763672,55.430870056152344,5.840572834014893,13.402030944824219,-1.0345827341079712,6.26511812210083,124.50929260253906,15.341325759887695,-0.44335663318634033,3.4282138347625732,-0.13848745822906494,2.0884957313537598,-38.955291748046875,16.049888610839844,-0.9392264485359192,4.4838409423828125,0.6698302030563354,1.7097256183624268,5.570553302764893,12.954790115356445,-0.3714854419231415,2.7839293479919434,-0.2258899062871933,1.3784871101379395,-25.46559715270996,8.020726203918457,-0.6450831294059753,1.417231559753418,0.33450794219970703,0.7545296549797058,1.5729763507843018,15.868697166442871,-1.726890206336975,2.037280321121216,0.19758398830890656,1.176816701889038,-6.705144882202148,12.090262413024902,-0.11573167145252228,2.5491747856140137,0.43947461247444153,1.515899658203125,-8.095484733581543,4.921830654144287,-0.2902393341064453,1.125511884689331,-0.0008578108390793204,0.6016017198562622,-14.26599407196045,8.656344413757324,-0.6214931607246399,1.7726433277130127,-0.3589313328266144,1.1093751192092896,2.014213800430298,7.340819358825684,-0.8952233195304871,1.362989068031311,0.03161792457103729,0.8267678022384644,-1.4516959190368652,7.287014961242676,-0.672021210193634,1.693822979927063,0.26719367504119873,0.7222363352775574,1.982100009918213,6.312901973724365,0.07756378501653671,0.9126879572868347,-0.2817293703556061,0.9922966361045837,-3.8334133625030518,5.7636871337890625,-0.050813909620046616,0.8260152339935303,-0.4443020224571228,1.0221233367919922
Y1-223,1st Year,Lecture,AM,Kapoy,Kapoy pero excited,4 — Pleasant,4 — High,Y1-223_Y1_AM_Kapoy.wav,,4,4,Pleasant,Pleasant,High Arousal,0.669750566893424,250.2567055783909,79.65690037202094,329.2496482603383,131.21175099811867,0.023667946457862854,0.016484471037983894,0.06000180542469025,0.17152141702586207,0.07947235018156408,2644.433183403086,743.1729161261308,2255.196887556817,390.7210395529034,4973.427397629311,804.1787827478939,-315.3161315917969,42.3898811340332,-3.082704782485962,8.576375007629395,-2.233119249343872,5.653046607971191,77.70668029785156,32.14998245239258,1.294745922088623,7.820339679718018,0.08727555721998215,2.6565234661102295,-19.99626350402832,29.920446395874023,3.0879719257354736,3.9470701217651367,0.5256931781768799,1.9829267263412476,14.23562240600586,18.070518493652344,-0.23342126607894897,4.280755519866943,0.0038002440705895424,1.764047384262085,-35.51411056518555,14.533923149108887,1.6693532466888428,2.2672934532165527,0.09780773520469666,1.6410698890686035,16.08407974243164,17.9880428314209,-0.5595444440841675,3.67126727104187,-0.0494389683008194,1.092111587524414,1.3582161664962769,13.457489967346191,-1.777092695236206,1.4035594463348389,0.01580689661204815,1.1077368259429932,-14.681418418884277,15.800619125366211,1.1130696535110474,4.046393394470215,-0.3411160111427307,1.8735346794128418,-2.1263506412506104,14.222851753234863,0.12663714587688446,3.102999448776245,0.20810221135616302,1.197064995765686,-14.393792152404785,9.139265060424805,0.5656667351722717,2.703204393386841,0.08618800342082977,1.2181392908096313,-1.0700851678848267,9.305514335632324,0.9962919354438782,1.7388839721679688,-0.14863227307796478,1.1040045022964478,-4.882430076599121,15.280590057373047,0.6454811096191406,3.1315128803253174,-0.12162050604820251,1.246529459953308,-23.396825790405273,10.025182723999023,-0.0686531662940979,2.008371114730835,0.12117107212543488,1.0305068492889404
Y1-224,1st Year,Laboratory,AM,Impyerno,Kapoy,2 — Unpleasant,2 — Low,Y1-224_Y1_AM_Impyerno_bay.wav,,2,2,Unpleasant,Unpleasant/Neutral,Low/Mod Arousal,0.7,167.31462364345256,28.313161627728192,189.9367758225678,77.87197991305273,0.21159107983112335,0.07705826312303543,0.31968697905540466,0.06572895665322581,0.017172976723376334,1651.2257120049826,141.66597528946903,1945.2905672653117,137.6043599101496,3311.5982547883063,431.25212692190496,-85.17315673828125,37.1865119934082,4.401956558227539,4.4521918296813965,0.02743883989751339,4.273303985595703,119.68474578857422,8.35744857788086,-0.9535527229309082,0.7840489745140076,-0.052315473556518555,0.6140255331993103,-20.94501304626465,18.4520320892334,-2.0123586654663086,3.4154860973358154,0.022593067958950996,3.4186882972717285,32.896820068359375,9.452766418457031,0.38837260007858276,2.4637107849121094,0.3471815586090088,0.8134691119194031,3.8720619678497314,19.24416160583496,1.390589714050293,4.929512977600098,0.45137158036231995,2.4365923404693604,2.0927624702453613,12.038646697998047,-0.995512843132019,2.7919204235076904,-0.5802633762359619,1.6708661317825317,-14.720256805419922,10.388237953186035,-0.41816964745521545,2.3994319438934326,-0.300280898809433,1.6163091659545898,-14.059178352355957,10.685966491699219,-1.046801209449768,2.56337571144104,0.14493219554424286,1.7555696964263916,-14.358736991882324,8.479802131652832,0.12119711935520172,1.9872967004776,0.19089378416538239,0.9378882050514221,-9.734977722167969,7.115638256072998,0.5805179476737976,1.6580510139465332,-0.1804850697517395,1.2406376600265503,-9.180570602416992,8.156007766723633,0.04117448255419731,1.5074833631515503,-0.3354624807834625,1.019953966140747,1.3418563604354858,5.001863479614258,0.09514070302248001,0.8217264413833618,-0.20800209045410156,0.5049116611480713,0.737067699432373,8.987622261047363,0.4144831895828247,2.2621638774871826,0.21063897013664246,1.2472162246704102
Y1-225,1st Year,Laboratory,AM,Kulbaan,Kulbaan,3 — Neutral,2 — Low,Y1-225_Y1_AM_Kulbaan.wav,,3,2,Neutral,Unpleasant/Neutral,Low/Mod Arousal,0.7,142.94982686175226,40.32153475630825,256.1889833502391,82.08292044488317,0.1940940022468567,0.04871338605880737,0.29409459233283997,0.07448651713709678,0.02272301151195345,1462.8341547492887,177.6153889021103,1643.9631206019856,131.1798857833047,2938.5876071068546,331.9045566179235,-66.62792205810547,32.19591522216797,-1.4084633588790894,6.895395755767822,-0.7607319355010986,3.8128786087036133,148.6775360107422,9.826509475708008,-0.023777268826961517,2.461472749710083,-0.48979589343070984,1.5246832370758057,-32.42066955566406,19.23472023010254,1.1082650423049927,4.676949501037598,0.2071528285741806,1.557978630065918,19.285888671875,10.802813529968262,1.0658479928970337,2.3374571800231934,-0.07559452950954437,1.366881251335144,-24.18340492248535,9.151267051696777,0.6084586381912231,1.9084833860397339,0.4386030435562134,1.505622148513794,0.8891554474830627,9.874472618103027,-0.09685347974300385,2.1468658447265625,0.06365648657083511,1.282434344291687,4.299543857574463,8.540822982788086,-0.32973164319992065,1.9453548192977905,0.10891091078519821,0.7850324511528015,-5.807505130767822,8.646601676940918,0.28045687079429626,2.17362380027771,0.2877359390258789,0.974850594997406,-16.347562789916992,7.352494716644287,0.20565852522850037,1.520745038986206,0.45471712946891785,0.7902827858924866,7.950821876525879,6.073376655578613,-0.40202638506889343,1.0210216045379639,0.11968915909528732,0.9082573056221008,-2.7809267044067383,5.499938011169434,-0.07195685058832169,1.0782924890518188,0.20488348603248596,0.5810862183570862,-1.4859113693237305,3.4762797355651855,-0.12149444967508316,0.6439793109893799,-0.1711820811033249,0.3298450708389282,-5.273021221160889,5.85789680480957,0.07052430510520935,1.4341356754302979,-0.2625131905078888,1.0057753324508667
Y1-226,1st Year,Laboratory,AM,Kapoy,Kapoy gyud siya,4 — Pleasant,3 — Moderate,Y1-226_Y1_AM_Kapoy_gyud_siya.wav,,4,3,Pleasant,Pleasant,Low/Mod Arousal,0.7830839002267573,194.98559286854177,52.89589750471235,338.77523603067544,112.05515310268035,0.03239478915929794,0.014821087010204792,0.06545434892177582,0.13832720588235295,0.06159139113145036,2305.9527927002828,762.1869740287199,2311.1444129704155,536.693132333163,4821.854176240809,1861.712365676194,-245.39804077148438,39.51775360107422,2.3833577632904053,9.772048950195312,-2.698213815689087,5.4652099609375,100.74002838134766,25.436655044555664,1.7516710758209229,6.036350727081299,-1.1804028749465942,3.243576765060425,-8.102509498596191,25.36734390258789,-1.279609203338623,6.767990589141846,1.5044934749603271,2.818547010421753,8.606816291809082,13.986604690551758,-0.8240160942077637,3.1990926265716553,0.18540292978286743,1.3634690046310425,-23.2224178314209,11.38818645477295,0.33815303444862366,1.7670892477035522,0.07247453927993774,0.577049195766449,4.973781585693359,10.212899208068848,-0.3537629544734955,2.2946619987487793,0.20969103276729584,1.122666597366333,-15.331422805786133,12.041606903076172,1.0467376708984375,3.3657736778259277,-0.07021640986204147,1.3983296155929565,-7.504765510559082,8.5034761428833,-0.3086685538291931,1.3593536615371704,0.46412086486816406,1.1930227279663086,-24.361909866333008,12.4744291305542,-1.5982564687728882,3.0233800411224365,0.41889166831970215,1.8730792999267578,-5.250000476837158,5.367926597595215,0.3466382324695587,1.2154176235198975,-0.042799998074769974,0.8357737064361572,0.11848098784685135,7.872183799743652,0.7958260178565979,1.3924281597137451,-0.4653899669647217,0.9439183473587036,-8.841471672058105,9.086454391479492,0.3987724781036377,1.5295815467834473,0.19326025247573853,1.1033949851989746,-20.0136661529541,8.589152336120605,0.24624624848365784,1.352765679359436,0.4573618471622467,0.977108895778656
Y1-227,1st Year,Lecture,AM,Kapoy,Kakapoy,3 — Neutral,4 — High,Y1-227_Y1_AM_Kakapoy.wav,,3,4,Neutral,Unpleasant/Neutral,High Arousal,0.7,290.2335892389909,80.45736822721406,383.1228165504701,95.07603651521568,0.17840084433555603,0.05405358597636223,0.2719336748123169,0.08910345262096774,0.017368998760734822,1880.4322854845661,304.49236580728876,1911.1736376192555,300.2569906458628,3760.3224231350805,761.6572806349307,-76.57855224609375,20.04474639892578,0.5694645047187805,4.124975681304932,-0.6202860474586487,3.2241220474243164,113.84896850585938,17.851388931274414,-2.036613941192627,1.899925947189331,0.4262414574623108,1.4117166996002197,-35.29932403564453,18.557729721069336,1.0376648902893066,2.290536403656006,-0.3017823100090027,1.2757937908172607,12.233132362365723,16.236553192138672,1.1350163221359253,1.5220078229904175,-0.04672163352370262,1.1133859157562256,-29.621597290039062,8.889612197875977,0.48031848669052124,1.3070648908615112,-0.24982695281505585,1.1495693922042847,2.6639821529388428,9.448203086853027,-0.05517331883311272,1.7598503828048706,0.1586773693561554,0.7971963286399841,-5.6883416175842285,10.048758506774902,0.1985866278409958,2.410782814025879,0.31142085790634155,1.4413074254989624,-12.13255786895752,8.072510719299316,0.8179953694343567,1.8809008598327637,0.21445530652999878,0.7592716217041016,-9.448488235473633,6.378400802612305,-0.4342750310897827,1.0600647926330566,0.3219476044178009,0.5312435030937195,-2.404876470565796,11.755993843078613,-0.5143856406211853,1.4949843883514404,0.20564942061901093,0.7908116579055786,-3.488734245300293,6.4980010986328125,-0.4793349504470825,0.5290352702140808,0.1540078967809677,0.36229845881462097,-2.993488073348999,5.15552282333374,-0.05474800616502762,1.0501927137374878,0.21865607798099518,0.9649022817611694,-23.037944793701172,5.212307453155518,0.5028278231620789,1.0223335027694702,-0.00979716144502163,0.7999633550643921
Y1-228,1st Year,Laboratory,AM,Kapoy,Katulgon,2 — Unpleasant,2 — Low,Y1-228_Y1_AM_Gikapoy.wav,,2,2,Unpleasant,Unpleasant/Neutral,Low/Mod Arousal,0.7,216.84407452443108,66.1558785469062,340.9539326046932,79.65126826070858,0.09094742685556412,0.03017532266676426,0.14894206821918488,0.055443548387096774,0.012181386059127237,1273.6077982258012,287.58322180295073,1473.2270725493242,243.13577013566527,2621.146515877016,828.416191911113,-192.40078735351562,43.04443359375,-3.6496379375457764,10.675264358520508,-0.9185567498207092,4.696514129638672,160.56797790527344,25.108318328857422,1.2802493572235107,6.146642208099365,-0.22086189687252045,1.8345712423324585,-30.314987182617188,16.389577865600586,1.8284727334976196,3.6956872940063477,0.3739020526409149,1.5709937810897827,59.191444396972656,16.586952209472656,0.01917954348027706,3.502852439880371,0.013248766772449017,1.1846235990524292,-17.41887664794922,8.364026069641113,-0.5668566823005676,1.8230353593826294,0.04585854709148407,1.001386284828186,12.631308555603027,12.675348281860352,-1.1099088191986084,2.7658257484436035,-0.7268581390380859,1.916487216949463,-3.1103293895721436,18.574800491333008,1.9665143489837646,4.541693210601807,0.09654205292463303,1.6332303285598755,-1.2413554191589355,8.642274856567383,-1.0564521551132202,1.7039982080459595,-0.13588912785053253,0.7161691784858704,-19.604328155517578,7.698500633239746,-0.8989503383636475,1.3041521310806274,0.07641749829053879,0.7164173126220703,-13.254055976867676,7.221127033233643,0.5389323830604553,1.5364041328430176,0.1763257086277008,0.9261114597320557,-10.497011184692383,5.892014980316162,0.36702126264572144,1.138030767440796,0.09420482814311981,0.5666258335113525,-0.32250818610191345,6.424355506896973,0.8795555233955383,1.5491020679473877,0.1916111260652542,0.5395394563674927,-0.5787442326545715,4.819874286651611,-0.18872351944446564,1.0104221105575562,0.10239897668361664,0.5744776129722595
Y1-229,1st Year,Lecture,AM,Lingaw,Nalipay,4 — Pleasant,4 — High,Y1-229_Y1_AM_Lingaw.wav,,4,4,Pleasant,Pleasant,High Arousal,0.6535600907029478,178.89043272942524,47.652340730730366,221.34085073193657,74.38512168640634,0.1173226609826088,0.06156187877058983,0.23890331387519836,0.033792429956896554,0.011290249866905347,788.544281331884,209.91340883045598,944.4931752660176,246.70675532054543,1298.674905711207,466.04385071724664,-261.104736328125,90.49944305419922,-0.6059772372245789,19.6702938079834,-3.4056482315063477,6.414670467376709,186.3297882080078,26.403125762939453,1.8381050825119019,4.330705642700195,-1.2297377586364746,2.2691805362701416,-7.779160976409912,47.58171081542969,2.1824467182159424,10.545991897583008,1.4016810655593872,2.6916117668151855,19.496532440185547,23.694826126098633,-1.516721248626709,3.4823203086853027,-0.004278149921447039,2.5523602962493896,-16.407936096191406,17.606279373168945,-1.216204285621643,2.4086360931396484,0.442756712436676,1.99705171585083,-11.482460975646973,11.931678771972656,-0.0701998844742775,2.5297281742095947,0.11968006193637848,1.4541761875152588,9.013516426086426,13.137832641601562,-0.36380070447921753,3.99790620803833,-0.6694933772087097,1.5015578269958496,-12.812541961669922,9.874247550964355,0.5851603150367737,2.043245315551758,0.44283923506736755,1.0421738624572754,-15.827493667602539,8.365392684936523,0.8443164825439453,1.0969738960266113,0.3497704565525055,1.0852079391479492,0.6084671020507812,8.94311809539795,0.5716374516487122,1.5253090858459473,-0.20645059645175934,0.8976540565490723,-13.195722579956055,12.530943870544434,0.9800499081611633,2.104598045349121,0.36614105105400085,0.9570140242576599,-12.582296371459961,7.863543510437012,0.5888975858688354,1.0774474143981934,0.13553570210933685,0.5881048440933228,-6.687870025634766,6.196625232696533,-0.04285292699933052,1.4236434698104858,-0.2115897685289383,0.7346678972244263
Y1-230,1st Year,Lecture,AM,Kapoy,Kapoy,3 — Neutral,4 — High,Y1-230_Y1_AM_Kapoy.wav,,3,4,Neutral,Unpleasant/Neutral,High Arousal,0.626938775510204,186.33781665941677,42.324103796465046,224.41955329865482,85.5082314898248,0.04080328717827797,0.03275997191667557,0.11537934094667435,0.05768694196428571,0.018347346895603495,1508.5363131896029,530.9029612856605,2011.2791940075313,460.4115039087312,3008.49609375,1759.2876127199029,-335.5816955566406,35.674076080322266,-0.32158440351486206,6.41945743560791,-2.3238277435302734,5.066758155822754,119.24998474121094,20.860692977905273,-1.389140248298645,3.184514045715332,-0.6251095533370972,1.2891229391098022,10.361128807067871,19.481592178344727,1.0597875118255615,2.995638132095337,0.7274795174598694,1.9796441793441772,2.7938950061798096,25.07985496520996,0.608011782169342,4.5189642906188965,1.1177713871002197,2.1225497722625732,-14.702165603637695,12.645164489746094,0.35331133008003235,2.500411033630371,0.48081478476524353,0.8417301177978516,12.633042335510254,7.993821144104004,0.7360924482345581,1.2759099006652832,0.04991885647177696,0.5335399508476257,-12.689979553222656,6.95137882232666,0.7186170220375061,1.0302459001541138,-0.2097337543964386,0.6631765961647034,2.790475368499756,6.7573466300964355,0.8477824926376343,1.6054306030273438,-0.002794231753796339,0.8835453987121582,-10.661959648132324,11.461164474487305,-0.34689316153526306,2.052014112472534,0.2559378743171692,0.9434754848480225,-13.343672752380371,11.487760543823242,-0.38872411847114563,2.2072272300720215,0.26253461837768555,1.0206793546676636,-5.94638729095459,19.081249237060547,-0.38773664832115173,3.894749402999878,0.17086562514305115,1.2906690835952759,-11.648005485534668,11.724152565002441,-0.7411639094352722,1.6994144916534424,0.19254417717456818,0.4055324196815491,-9.049477577209473,8.261499404907227,-0.7555036544799805,0.9574608206748962,0.10333758592605591,0.9877974390983582
Y1-231,1st Year,Laboratory,AM,Hago,Hago,3 — Neutral,3 — Moderate,Y1-231_Y1_AM_Hago.wav,,3,3,Neutral,Unpleasant/Neutral,Low/Mod Arousal,0.4097052154195011,160.68053878713243,62.52182567987133,253.6378241619492,104.97477656145116,0.027370290830731392,0.0198962539434433,0.06583689153194427,0.08289930555555555,0.017000133117730815,2040.6758131625215,308.2614981380493,2309.5937256690877,385.1454864938316,4737.3046875,1364.6145421261888,-332.4237976074219,27.331893920898438,-0.46636396646499634,4.850131034851074,-3.133136749267578,5.544025897979736,99.20653533935547,8.484631538391113,0.7844107151031494,1.5537394285202026,-0.7547705173492432,1.4933208227157593,5.4891486167907715,21.206005096435547,1.3648569583892822,3.664719581604004,1.8771443367004395,3.304917097091675,-2.70843505859375,15.798613548278809,0.7403658628463745,2.4972646236419678,1.7437165975570679,2.2600159645080566,-20.4458065032959,7.887273788452148,-1.232224941253662,0.6892401576042175,0.2860068678855896,0.8904580473899841,43.82620620727539,12.349495887756348,-1.7678344249725342,1.079117774963379,-0.4982132315635681,1.751405954360962,-4.567687034606934,13.18995475769043,-2.3972795009613037,1.3703101873397827,0.24952514469623566,1.3664106130599976,7.8814697265625,9.863993644714355,-1.6658401489257812,0.699664831161499,0.6901082992553711,1.2960952520370483,-5.455437660217285,4.424289226531982,0.2686349153518677,0.6319647431373596,0.6889067888259888,0.7012724280357361,-14.363652229309082,7.403409481048584,1.317289113998413,0.834592878818512,0.5946972966194153,0.8397191762924194,-1.7440415620803833,5.089189529418945,0.2623525857925415,0.9782918691635132,0.026092972606420517,0.724288821220398,-10.760536193847656,5.780594348907471,0.18358781933784485,0.920787513256073,0.7762558460235596,0.8582719564437866,-10.858638763427734,9.658208847045898,0.051851775497198105,2.4051122665405273,0.7731214165687561,1.435648798942566
Y1-232,1st Year,Laboratory,AM,Gutom,Gutom,2 — Unpleasant,2 — Low,Y1-232_Y1_AM_Gutom.wav,,2,2,Unpleasant,Unpleasant/Neutral,Low/Mod Arousal,0.48063492063492064,268.790073955682,128.3594295960457,438.0466526236483,66.06729645759664,0.02505708672106266,0.00967379566282034,0.04058406129479408,0.083984375,0.03017389247777803,1963.7246488361357,346.434801163865,2313.9645593958535,147.35846665269324,4879.833984375,765.7303165480262,-301.84716796875,23.386287689208984,2.7520813941955566,2.443087100982666,-1.2626283168792725,2.1841464042663574,106.37918853759766,10.562173843383789,-0.26281502842903137,2.4401092529296875,-0.8298180103302002,2.009478807449341,4.786183834075928,6.503872394561768,-0.869310736656189,1.0385804176330566,-0.6031767129898071,0.9152891039848328,8.791203498840332,7.367321968078613,-0.1569434553384781,1.5102765560150146,0.20405440032482147,1.2000876665115356,-14.901067733764648,6.1548895835876465,0.1732836663722992,1.242187261581421,0.7163902521133423,1.1245793104171753,29.619699478149414,5.372860908508301,-0.007568881846964359,1.4004513025283813,0.4080280065536499,0.9173954725265503,-22.348398208618164,9.825674057006836,-1.3294521570205688,1.0899395942687988,0.2778480052947998,0.2969253957271576,-1.2802163362503052,5.207228660583496,0.14552366733551025,1.0838069915771484,0.47199568152427673,0.595953106880188,-16.30405616760254,11.509418487548828,1.4295167922973633,1.8763757944107056,1.0896925926208496,1.494462490081787,-6.809605121612549,9.87822437286377,0.6952871680259705,2.306096076965332,0.8192967176437378,1.7804689407348633,-5.1493964195251465,7.171348571777344,-0.5256774425506592,1.2804113626480103,0.44005951285362244,0.9903600215911865,-19.326330184936523,5.086824893951416,-0.610861599445343,0.40693938732147217,-0.05499185994267464,0.7656068801879883,-13.370625495910645,7.4845662117004395,0.22874321043491364,1.5054090023040771,-0.4063810706138611,1.1128978729248047
Y1-233,1st Year,Laboratory,AM,Kahilakon,Kahilakon,2 — Unpleasant,1 — Very Low,Y1-233_Y1_AM_Kahilakon.wav,,2,1,Unpleasant,Unpleasant/Neutral,Low/Mod Arousal,0.7350566893424036,117.52606345713795,6.4516273464617875,123.15118402287065,98.49087523949848,0.038275107741355896,0.013858726248145103,0.0667378231883049,0.0792236328125,0.025667877610444933,2249.182023569856,245.2987255956869,2671.023791786053,189.21151070319922,5792.095184326172,492.6858840728599,-249.81820678710938,59.44628143310547,-1.277974009513855,12.029438972473145,-4.501089572906494,6.31312370300293,90.80450439453125,9.459453582763672,0.7222335338592529,1.076816439628601,0.5668110251426697,1.2357348203659058,23.020938873291016,15.122297286987305,0.2799452841281891,3.141028642654419,-0.24592185020446777,2.065737724304199,21.990013122558594,12.879584312438965,0.1709318608045578,2.834137201309204,0.11327874660491943,1.6725404262542725,-8.471433639526367,5.1957573890686035,-0.06662386655807495,1.035560131072998,0.2301311194896698,0.6946895122528076,25.603904724121094,7.3762712478637695,0.2247149497270584,1.3725674152374268,-0.042727261781692505,0.8359965085983276,-17.237632751464844,6.371709823608398,0.3568772077560425,1.019175410270691,-0.03191189467906952,0.9727446436882019,6.902531147003174,5.7027997970581055,-0.05175645649433136,1.1948708295822144,0.10124463587999344,0.9705167412757874,-10.314666748046875,7.053988456726074,-0.25986361503601074,1.6532717943191528,0.2513187825679779,1.0267428159713745,-4.331692695617676,8.066360473632812,-0.3176528215408325,1.5995877981185913,0.12479094415903091,1.308660626411438,1.3953330516815186,4.306820392608643,0.24993984401226044,0.7617009878158569,0.18163689970970154,0.7261114120483398,-6.348686218261719,4.71315336227417,0.20905745029449463,0.74112868309021,-0.0871848538517952,0.5139021277427673,-5.053193092346191,6.300743579864502,-0.1713103950023651,0.923599362373352,-0.04159700870513916,0.6064387559890747
Y1-234,1st Year,Quiz,AM,Gubot,Gubot,2 — Unpleasant,1 — Very Low,Y1-234_Y1_AM_Gubot.wav,,2,1,Unpleasant,Unpleasant/Neutral,Low/Mod Arousal,0.5140589569160998,142.80008739270167,28.800222373978553,173.72837378250455,93.41047149181125,0.034559402614831924,0.016095345839858055,0.06080373004078865,0.04443359375,0.011130801091178743,1619.379465444335,234.83464160281733,2320.943921033635,205.75510940085772,4208.336871603261,1094.2315953173138,-288.62860107421875,47.72080612182617,2.844978094100952,10.674140930175781,-2.78656005859375,3.9942116737365723,113.83927154541016,11.483470916748047,-0.6082572340965271,2.6360294818878174,-0.4667690396308899,1.6910145282745361,21.4814395904541,9.565616607666016,0.03299999237060547,2.392021656036377,-0.11693130433559418,0.8141791224479675,23.44085693359375,8.54183292388916,-0.026986122131347656,1.8931390047073364,0.019550155848264694,1.3349390029907227,-5.895814895629883,10.107816696166992,-0.17218339443206787,2.075559377670288,0.44005805253982544,1.143358826637268,21.21574592590332,4.861937046051025,0.20717547833919525,1.0440868139266968,0.15801982581615448,0.7525890469551086,-15.128769874572754,5.0598649978637695,0.2535397410392761,0.6550701856613159,0.13744501769542694,0.871249794960022,9.996113777160645,2.6389338970184326,-0.009958572685718536,0.4107068181037903,0.0429101437330246,0.3500041961669922,-8.497055053710938,10.591642379760742,0.1327451765537262,2.4728145599365234,0.13710308074951172,0.9617264866828918,-12.904875755310059,10.571060180664062,0.20630140602588654,1.9919366836547852,0.40427666902542114,1.7012813091278076,-6.064634799957275,10.693465232849121,0.027439210563898087,1.9934521913528442,0.6723936200141907,1.4647246599197388,-8.442375183105469,4.838953018188477,0.17440317571163177,0.7834144234657288,0.09814848750829697,0.3707205355167389,-14.294839859008789,4.34121036529541,0.014901773072779179,0.9042683839797974,0.07644470036029816,0.7816808223724365
Y1-235,1st Year,Quiz,AM,Sayon,Nalipay,4 — Pleasant,4 — High,Y1-235_Y1_AM_Sayon.wav,,4,4,Pleasant,Pleasant,High Arousal,0.5280725623582766,176.40589367978757,59.409666845291994,296.5112015952852,65.23668639053254,0.037242017686367035,0.025793518871068954,0.0806012898683548,0.12712296195652173,0.10375034760802615,2728.2434053491647,1132.8584994926198,2684.8507835834903,336.9695260675369,5603.782056725543,1498.1778581354029,-292.9535827636719,72.7635498046875,-7.586064338684082,8.405524253845215,-1.6251745223999023,4.471043109893799,71.60075378417969,23.18105125427246,1.7647449970245361,4.136230945587158,0.26584646105766296,1.5817791223526,13.51798152923584,23.029722213745117,-1.8952044248580933,6.120045185089111,0.9789897203445435,1.6987314224243164,22.944395065307617,18.838037490844727,2.415411949157715,4.740262985229492,0.1018504649400711,2.2477474212646484,8.473688125610352,11.189566612243652,0.01847631111741066,2.1828551292419434,0.738520085811615,2.1081759929656982,6.044294357299805,20.159425735473633,-0.16968262195587158,5.403965950012207,0.15688426792621613,1.7537848949432373,-27.5615234375,14.691625595092773,0.7818657159805298,3.5575881004333496,0.49831297993659973,0.9535627365112305,-20.6977481842041,28.35785484313965,1.0393866300582886,5.95425271987915,1.6328171491622925,3.6255788803100586,-7.225302696228027,7.858982563018799,0.5277690887451172,2.0945351123809814,0.1293439418077469,1.080826997756958,2.3279950618743896,13.742829322814941,-1.529327392578125,1.9029905796051025,-0.4202823340892792,1.2688841819763184,-3.858614444732666,10.641264915466309,-0.07677358388900757,2.2604196071624756,-0.75380539894104,1.9533722400665283,1.3650121688842773,10.699088096618652,-0.24130888283252716,2.3426177501678467,0.31877219676971436,1.1427701711654663,-10.535440444946289,5.850380897521973,0.030981747433543205,1.1756161451339722,0.5255320072174072,0.9382516741752625
Y1-236,1st Year,Quiz,AM,Kapoy,Kapoy siya,4 — Pleasant,4 — High,Y1-236_Y1_AM_Kapoy_siya.wav,,4,4,Pleasant,Pleasant,High Arousal,1.1609977324263039,228.09314465097185,83.89434462911746,481.2166146230672,106.48092537241804,0.08721005916595459,0.08708354830741882,0.3530883491039276,0.15129059436274508,0.08130291054878937,2095.5381504034954,923.0808037713042,1638.9516810757195,410.43646083434334,3613.144818474265,1276.3584671552567,-240.83969116210938,125.63995361328125,-5.635871410369873,17.39723014831543,-1.588696837425232,9.23747444152832,86.59708404541016,49.93804168701172,2.044037103652954,12.194437026977539,-0.5828243494033813,6.419548034667969,-29.251436233520508,26.384546279907227,1.1804739236831665,6.07990026473999,-0.1257263571023941,3.068726062774658,1.6636195182800293,34.97383499145508,-0.9237024188041687,5.100732803344727,0.14088599383831024,2.2297496795654297,-42.37208938598633,18.610538482666016,-0.2927881181240082,4.803194999694824,0.4451051950454712,2.7592146396636963,-0.5697341561317444,13.186367988586426,-0.18721477687358856,2.878546714782715,0.17280511558055878,2.2633986473083496,9.688214302062988,21.71879768371582,0.5041180849075317,3.678316116333008,-0.15185151994228363,1.4548542499542236,-7.675032138824463,13.674980163574219,-0.2285875678062439,2.8123698234558105,0.010197681374847889,1.639458417892456,-18.372562408447266,8.924369812011719,-0.23991724848747253,1.446664571762085,0.12329299747943878,0.7906028628349304,2.142853021621704,10.085405349731445,-0.44877877831459045,2.090907096862793,-0.005672433879226446,0.9462875723838806,-12.006865501403809,8.621825218200684,-0.37942683696746826,1.7816630601882935,0.02642032690346241,1.1370904445648193,-13.729974746704102,13.254341125488281,-0.5799042582511902,1.5684565305709839,0.26549121737480164,1.398288607597351,-12.237070083618164,12.14872932434082,0.3677169978618622,1.8274732828140259,0.2144092470407486,0.9004595279693604
Y1-237,1st Year,Lecture,AM,Igang,Kapoy,3 — Neutral,4 — High,Y1-237_Y1_AM_Igang_nga_kapoy.wav,,3,4,Neutral,Unpleasant/Neutral,High Arousal,1.0913378684807256,297.24163031208116,54.557284679224054,405.89187411338133,201.58690189704382,0.05226217582821846,0.03718750551342964,0.15959641337394714,0.08455403645833333,0.029336746775818243,1832.4116852900268,488.05467901507143,1754.7298949094293,366.0746688108634,3579.4464111328125,850.96448937796,-310.444091796875,89.40724182128906,-2.413621187210083,18.208242416381836,-0.4627048969268799,9.857183456420898,92.68695068359375,34.88454055786133,1.0680381059646606,3.5559096336364746,0.5144826769828796,2.431206226348877,-34.234405517578125,33.13260269165039,0.5989477038383484,8.179978370666504,0.0302676260471344,4.207882404327393,38.93486022949219,28.423250198364258,-0.8070631623268127,5.131001949310303,-1.110419750213623,3.43271803855896,-23.21165657043457,21.083288192749023,0.40815630555152893,4.084794521331787,-0.4037262201309204,3.288935422897339,-13.786548614501953,9.624134063720703,-0.15104763209819794,1.6496503353118896,0.18485252559185028,1.4198204278945923,2.4941213130950928,13.372590065002441,0.1753275841474533,2.605412721633911,-0.21539266407489777,1.590139627456665,-16.291763305664062,10.184062004089355,0.5698226094245911,2.1398093700408936,-0.3325507938861847,1.4980087280273438,-2.820608377456665,8.720695495605469,-0.19442804157733917,1.6869399547576904,0.0017524659633636475,0.785527765750885,3.695723295211792,16.7496395111084,-0.4602634906768799,2.341585159301758,-0.10373678058385849,1.5011579990386963,-9.598287582397461,9.723793029785156,0.3171418607234955,1.653380274772644,-0.15798605978488922,0.9774001836776733,-3.415395975112915,6.900426387786865,-0.08998063951730728,1.1213359832763672,0.14064443111419678,0.99055415391922,-16.290620803833008,5.823542594909668,0.09014303237199783,1.0550798177719116,0.006551876664161682,0.8987160921096802
Y1-238,1st Year,Lecture,AM,Kapoy,Kapoy kaayo,3 — Neutral,3 — Moderate,Y1-238_Y1_AM_Kapoy.wav,,3,3,Neutral,Unpleasant/Neutral,Low/Mod Arousal,2.5473469387755103,124.5438532329442,47.93761311096701,360.6560319480969,65.23668639053254,0.0845756009221077,0.0479198582470417,0.27791422605514526,0.07355735085227273,0.02493127448210772,1645.9980966573073,352.1673138969038,2016.6438954051528,363.4321230798221,3526.747159090909,1182.6143150344635,-152.94337463378906,43.755069732666016,1.473900556564331,8.277349472045898,-0.7958424687385559,5.692818641662598,133.7220916748047,17.832969665527344,0.06357116997241974,2.7118892669677734,0.008388944901525974,1.517301082611084,-5.729014873504639,24.159976959228516,-0.6968546509742737,4.673251152038574,0.2712407112121582,2.5211009979248047,14.137887001037598,15.224203109741211,-0.40801316499710083,2.711801528930664,0.10765280574560165,1.4304540157318115,-14.366778373718262,9.331291198730469,-0.14244134724140167,1.452424168586731,-0.07205875217914581,0.9334986209869385,18.939544677734375,9.550522804260254,0.31432580947875977,1.4007877111434937,-0.0605950690805912,0.9167521595954895,-7.144388198852539,8.201024055480957,0.19878967106342316,1.800455093383789,0.05833713710308075,1.0127124786376953,0.10571809113025665,6.936643123626709,0.23201313614845276,1.20947265625,0.042212437838315964,0.6772587299346924,-14.470623016357422,6.21324348449707,0.12103573232889175,1.189614176750183,-0.07244578748941422,0.6927041411399841,1.910692572593689,8.267730712890625,-0.019265495240688324,1.8818970918655396,-0.06011320278048515,1.1176478862762451,-4.597352981567383,6.307048797607422,-0.10879601538181305,1.3615593910217285,-0.0003767761227209121,0.7375612854957581,-3.103031873703003,6.73149299621582,0.29764750599861145,1.1655460596084595,-0.005975027568638325,0.4672543704509735,-8.915732383728027,5.990830898284912,0.004305426962673664,1.2000142335891724,0.010416136123239994,0.6912668943405151
Y1-239,1st Year,Laboratory,AM,Kapoy,Kapoy,4 — Pleasant,3 — Moderate,Y1-239_Y1_AM_Kapoy.wav,,4,3,Pleasant,Pleasant,Low/Mod Arousal,0.6131065759637189,124.71380165788752,41.112512313293,236.2548366766799,95.26886846183592,0.029952717944979668,0.015092168003320694,0.06341027468442917,0.0691189236111111,0.029146488213343934,2024.0009849971862,390.2507522558826,2607.9859115366535,349.402119144181,5201.46484375,1231.3714272510472,-295.0498046875,63.08160400390625,0.9336209297180176,15.93138313293457,-4.439970016479492,5.472352981567383,101.1012191772461,11.064502716064453,0.5248919129371643,2.077599048614502,0.8407837152481079,2.1249990463256836,16.41971206665039,14.412250518798828,-0.40858346223831177,3.082218647003174,-0.6537383198738098,1.6320066452026367,22.013593673706055,13.507018089294434,-0.5715537071228027,3.8603949546813965,0.26800912618637085,1.5495201349258423,1.3603920936584473,10.249133110046387,-0.16121719777584076,2.248415231704712,-0.25192928314208984,1.1523871421813965,21.905330657958984,6.753176212310791,-0.6706816554069519,1.3650318384170532,-0.07976237684488297,0.8587664365768433,-11.999439239501953,6.376807689666748,0.27324631810188293,1.1658923625946045,0.48622435331344604,1.1409738063812256,5.00456428527832,7.604825496673584,0.11274953186511993,2.1056673526763916,-0.10706628113985062,1.4341151714324951,-4.310148239135742,5.544763088226318,0.13070499897003174,1.307126760482788,0.29323163628578186,0.7819616794586182,-6.279034614562988,11.049478530883789,0.9866839051246643,3.0251152515411377,0.033043261617422104,0.9694420099258423,-6.351306915283203,7.235438346862793,0.5058492422103882,1.6290435791015625,0.4630015194416046,1.1388885974884033,-5.144108295440674,4.412327289581299,-0.3319653272628784,0.6738948822021484,0.2092781811952591,0.5058320760726929,-12.497669219970703,7.636877536773682,-0.09566319733858109,1.645157814025879,0.7284680008888245,0.9699519872665405
Y1-240,1st Year,Quiz,AM,Sayon,Nalipay,4 — Pleasant,4 — High,Y1-240_Y1_AM_Sayon.wav,,4,4,Pleasant,Pleasant,High Arousal,0.29061224489795917,229.65596010766782,12.638600144907697,245.24287032371586,211.5303002188583,0.06403152644634247,0.021973978728055954,0.09093885868787766,0.08661358173076923,0.037385863918166756,1741.1343646315481,617.4253166531138,2010.0270410700732,506.86326826777605,3426.263897235577,1646.096857187938,-252.99313354492188,57.724605560302734,-4.759611129760742,11.776005744934082,-7.520051956176758,5.535754203796387,103.35710144042969,22.151988983154297,0.6909653544425964,4.885809421539307,1.6844712495803833,3.169585943222046,-29.010347366333008,30.03201675415039,4.11136531829834,5.65019416809082,3.7206509113311768,3.412226438522339,15.544302940368652,17.059520721435547,2.0864739418029785,2.49774432182312,-1.3338470458984375,2.6886844635009766,-8.902716636657715,8.496166229248047,1.1395658254623413,1.2702244520187378,0.8922317028045654,0.6440888047218323,-23.856342315673828,14.369782447814941,2.5439820289611816,3.2775585651397705,1.313943862915039,0.6739854216575623,-15.019865036010742,6.568212985992432,-0.6237781047821045,0.26882675290107727,0.1952836662530899,0.7834072113037109,-12.162185668945312,5.551197528839111,0.4260021448135376,1.5116490125656128,-0.6724099516868591,0.3599299490451813,-17.028949737548828,13.908964157104492,-3.434816837310791,1.4469133615493774,0.6449404954910278,1.412211537361145,-4.132551193237305,3.0149664878845215,-0.13744261860847473,0.3845394551753998,-0.20073074102401733,0.21632742881774902,-20.56954002380371,7.430280685424805,0.4787280857563019,1.9928501844406128,1.164103627204895,0.1698903888463974,-9.27324390411377,5.571612358093262,-0.40698549151420593,0.9956886172294617,-0.04763135686516762,0.9299070835113525,-11.955058097839355,4.542962074279785,-0.1530531346797943,0.7514680027961731,-0.2975321412086487,1.0577958822250366
