Participant Code,Year Level,Class Activity,Session,Spoken Word,Self-Reported Feeling,Valence (1-5),Arousal (1-5),Audio Filename,Valence_Score,Arousal_Score,Valence_Label,Valence_Binary
Y1-203,1st Year,Laboratory,AM,Kapoy,"Ambot, katulgon ko",2 — Unpleasant,2 — Low,Y1-203_Y1_AM_Kapoy_nga_dili.wav,2,2,Unpleasant,Not Pleasant
Y1-204,1st Year,Laboratory,AM,Kapoy,Kapoy,3 — Neutral,2 — Low,Y1-204_Y1_AM_Kapoy.wav,3,2,Neutral,Not Pleasant
Y1-205,1st Year,Quiz,AM,Kapoy,Kapoy,3 — Neutral,3 — Moderate,Y1-205_Y1_AM_Kapoy.wav,3,3,Neutral,Not Pleasant
Y1-207,1st Year,Quiz,AM,Kapoy,Grabe kapoy,3 — Neutral,3 — Moderate,Y1-207_Y1_AM_Kapoy.wav,3,3,Neutral,Not Pleasant
Y1-210,1st Year,Quiz,AM,Kapoy,Kapoy,3 — Neutral,3 — Moderate,Y1-210_Y1_AM_Kapoy.wav,3,3,Neutral,Not Pleasant
Y1-211,1st Year,Lecture,AM,Kapoy,Kapoy,4 — Pleasant,3 — Moderate,Y1-211_Y1_AM_Kapoy.wav,4,3,Pleasant,Pleasant
Y1-212,1st Year,Laboratory,AM,Kapoy,Kapoy,4 — Pleasant,3 — Moderate,Y1-212_Y1_AM_Kapoy.wav,4,3,Pleasant,Pleasant
Y1-213,1st Year,Lecture,AM,Kapoy,Kapoy,3 — Neutral,3 — Moderate,Y1-213_Y1_AM_Kapoy.wav,3,3,Neutral,Not Pleasant
Y1-215,1st Year,Lecture,AM,Kapoy,Kapoy,2 — Unpleasant,2 — Low,Y1-215_Y1_AM_Kapoy.wav,2,2,Unpleasant,Not Pleasant
Y1-217,1st Year,Lecture,AM,Kapoy,Kapoy,4 — Pleasant,3 — Moderate,Y1-217_Y1_AM_Kapoya_oy.wav,4,3,Pleasant,Pleasant
Y1-221,1st Year,Laboratory,AM,Kapoy,Kapoy,3 — Neutral,2 — Low,Y1-221_Y1_AM_Kapoy.wav,3,2,Neutral,Not Pleasant
Y1-222,1st Year,Laboratory,AM,Kapoy,Kapoy,4 — Pleasant,4 — High,Y1-222_Y1_AM_Kapoy.wav,4,4,Pleasant,Pleasant
Y1-223,1st Year,Lecture,AM,Kapoy,Kapoy pero excited,4 — Pleasant,4 — High,Y1-223_Y1_AM_Kapoy.wav,4,4,Pleasant,Pleasant
Y1-226,1st Year,Laboratory,AM,Kapoy,Kapoy gyud siya,4 — Pleasant,3 — Moderate,Y1-226_Y1_AM_Kapoy_gyud_siya.wav,4,3,Pleasant,Pleasant
Y1-227,1st Year,Lecture,AM,Kapoy,Kakapoy,3 — Neutral,4 — High,Y1-227_Y1_AM_Kakapoy.wav,3,4,Neutral,Not Pleasant
Y1-228,1st Year,Laboratory,AM,Kapoy,Katulgon,2 — Unpleasant,2 — Low,Y1-228_Y1_AM_Gikapoy.wav,2,2,Unpleasant,Not Pleasant
Y1-230,1st Year,Lecture,AM,Kapoy,Kapoy,3 — Neutral,4 — High,Y1-230_Y1_AM_Kapoy.wav,3,4,Neutral,Not Pleasant
Y1-236,1st Year,Quiz,AM,Kapoy,Kapoy siya,4 — Pleasant,4 — High,Y1-236_Y1_AM_Kapoy_siya.wav,4,4,Pleasant,Pleasant
Y1-238,1st Year,Lecture,AM,Kapoy,Kapoy kaayo,3 — Neutral,3 — Moderate,Y1-238_Y1_AM_Kapoy.wav,3,3,Neutral,Not Pleasant
Y1-239,1st Year,Laboratory,AM,Kapoy,Kapoy,4 — Pleasant,3 — Moderate,Y1-239_Y1_AM_Kapoy.wav,4,3,Pleasant,Pleasant
