Feature,Held-out Permutation Importance
mfcc_10_mean,0.025067821067821072
mfcc_delta_8_std,0.024761904761904756
mfcc_8_mean,0.023111111111111103
f0_min,0.022430014430014425
mfcc_8_std,0.021460317460317454
mfcc_3_mean,0.021460317460317454
mfcc_delta2_10_mean,0.018158730158730152
mfcc_delta_3_std,0.01797402597402597
mfcc_delta_2_std,0.016238095238095232
mfcc_3_std,0.015699855699855693
mfcc_delta2_4_mean,0.013206349206349204
mfcc_1_std,0.01293650793650793
zcr_mean,0.012502164502164495
mfcc_1_mean,0.011555555555555555
mfcc_delta2_6_mean,0.011555555555555555
